commit_hash,Name,file_la,file_ld,file_lt,file_age,file_ddev,file_nuc,own,minor,file_ndev,file_ncomm,file_adev,file_nadev,file_avg_nddev,file_avg_nadev,file_avg_ncomm,file_ns,file_exp,file_sexp,file_rexp,file_nd,file_sctr
023eb5d7e28ba0ed103fd1d4e86f11ecefe967d7,com.adobe.cq.wcm.core.components.models.contentfragment,2.0,2.0,106.0,25.494895833333334,17.0,3.5,0.9617479139218269,1.0,8.5,32.5,3.5,32.5,1.4166666666666665,5.416666666666668,5.416666666666668,1.0,2015.5,85.5,1.017064577483557,1.0,-0.4060591444375906
0240de07a73adba10c100741f0fd941b8ea2e984,com.adobe.cq.wcm.core.components.internal.models.v1,5.5,56.5,320.0,47.97233796296296,8.0,4.5,0.8018928262748488,1.0,16.0,8.0,4.5,8.0,16.0,8.0,8.0,1.0,303.5,196.5,1.0156340097616057,1.0,-0.3991220667823349
027c709d1008ad4dd9209d6768562d753a6737a0,com.adobe.cq.wcm.core.components.internal.servlets,20.0,17.0,290.0,39.01094907407408,8.0,3.0,0.9967845659163987,1.0,0.0,0.0,3.0,0.0,0.0,0.0,0.0,1.0,593.0,154.0,1.0256338290591496,1.0,0.0
04e11f1fc49464227e325986d1c07876d3bf7525,com.adobe.cq.wcm.core.components.internal.models.v1,12.0,3.0,264.5,1.0108796296296296,17.0,3.0,0.9544564688715953,0.5,170.0,21.0,3.0,21.0,34.0,4.2,4.2,1.0,2141.5,92.5,1.741928097091825,1.0,-0.24517321517478055
0934fca6c2ea43a0e83b9cd24c13f9ad21c865fe,com.adobe.cq.wcm.core.components.internal.models.v1,16.0,12.0,533.0,374.72707175925933,8.0,4.0,0.9268292682926829,3.0,0.0,0.0,4.0,0.0,0.0,0.0,0.0,1.0,827.0,168.0,1.0023230649292614,1.0,-0.16856444319959646
0c5a0e2a58e37ee212a41b2f531c2d321a4300d2,com.adobe.cq.wcm.core.components.models,1.0,1.0,218.0,40.956620370370366,8.0,4.0,0.6217391304347826,1.0,0.0,0.0,4.0,0.0,0.0,0.0,0.0,1.0,1.0,0.0,,,
0d45950e55a1482874d8e1de34b426e2ae51f6b4,com.adobe.cq.wcm.core.components.internal.models.v1.contentfragment,18.5,0.0,216.0,20.25116898148148,17.0,5.0,0.6982756312421345,1.0,289.0,70.0,5.0,70.0,41.285714285714285,10.0,10.0,1.0,1905.0,475.0,1.0296279192844948,1.0,-0.36087648095815816
0d45950e55a1482874d8e1de34b426e2ae51f6b4,com.adobe.cq.wcm.core.components.internal.servlets.contentfragment,25.0,7.0,124.0,20.25116898148148,17.0,3.0,0.8306277056277056,0.0,187.0,48.5,3.0,48.5,26.714285714285715,6.928571428571429,6.928571428571429,1.0,1906.0,476.0,1.0164599551580529,1.0,-0.4446062898299603
0d45950e55a1482874d8e1de34b426e2ae51f6b4,com.adobe.cq.wcm.core.components.models.contentfragment,7.5,0.5,59.0,20.25116898148148,17.0,5.5,0.7932087675170679,1.0,229.5,56.0,5.5,56.0,32.785714285714285,8.0,8.0,1.0,1905.5,475.5,1.0144024607632962,1.0,-0.19714523088897207
0e5f947295e0a0b5361ac5ed252217bca7777a68,apps.core.wcm.components.image.v1,1.0,1.0,103.0,49.86105324074074,2.0,2.0,0.9903846153846154,1.0,2.0,3.0,2.0,3.0,2.0,3.0,3.0,1.0,1.0,1.0,1.0100278667918603,1.0,-0.5163871205878868
0e6b45d82712dcf48e11fcd575af2c7a7754ea83,com.adobe.cq.wcm.core.components.internal.models.v2,41.0,40.0,189.0,77.87744212962963,18.0,14.0,0.4754716981132076,5.0,0.0,0.0,14.0,0.0,0.0,0.0,0.0,1.0,1939.0,498.0,1.0128406888137833,1.0,0.0
0f03b2b4664f9947e99fec8151a194a606e993f0,com.adobe.cq.wcm.core.components.internal.models,4.0,0.0,93.0,22.34158564814815,13.0,2.0,0.9485360360360361,0.5,143.0,15.0,2.0,15.0,8.9375,0.9375,0.9375,1.0,146.5,26.5,1.0257267090486262,1.0,-0.04840966690130998
0f03b2b4664f9947e99fec8151a194a606e993f0,com.adobe.cq.wcm.core.components.models,9.0,0.5,51.0,52.35398148148148,12.5,5.0,0.5817990026850786,1.5,71.5,7.5,5.0,7.5,4.46875,0.46875,0.46875,1.0,146.5,26.5,1.0151253675733094,1.0,-0.09237314766834517
110db476d384ef80e925b35385c6e7a300bdc413,com.adobe.cq.wcm.core.components.internal.models.v1.contentfragment,2.0,2.0,185.0,42.01203703703704,17.0,2.0,0.9893048128342246,1.0,17.0,1.0,2.0,1.0,17.0,1.0,1.0,1.0,2011.0,83.0,1.0238027020474731,1.0,-0.5283208335737187
110db476d384ef80e925b35385c6e7a300bdc413,com.adobe.cq.wcm.core.components.models.contentfragment,4.0,4.0,92.0,42.01203703703704,17.0,2.0,0.9583333333333334,1.0,17.0,2.0,2.0,2.0,17.0,2.0,2.0,1.0,2012.0,84.0,1.011901351023737,1.0,-0.3899750004807708
1272ed67ff1bc2bea89a0f91a1c66b6d3755a741,com.adobe.cq.wcm.core.components.commons,42.0,0.0,0.0,0.0,1.0,0.0,1.0,0.0,0.0,0.0,1.0,0.0,0.0,0.0,0.0,1.0,4.0,2.0,0.0,1.0,-0.13754123781164987
1272ed67ff1bc2bea89a0f91a1c66b6d3755a741,com.adobe.cq.wcm.core.components.text,78.5,0.0,0.0,0.0,1.0,0.0,1.0,0.0,0.0,0.0,1.0,0.0,0.0,0.0,0.0,1.0,9.5,1.5,0.0,1.0,-0.1900639073472592
140528e74bdfcaf247e07ebed2f82a017ea5fc2a,com.adobe.cq.wcm.core.components.internal.models.v1.form,1.5,1.5,190.0,56.039328703703696,17.0,6.5,0.918796992481203,4.0,17.0,6.0,6.5,6.0,2.833333333333333,1.0,1.0,1.0,13.5,3.5,1.0133834579633434,1.0,-0.4375
14e8ad378842fe1f24ff85dd19b7e34a10358da6,com.adobe.cq.wcm.core.components.internal.servlets,6.0,85.0,589.0,62.91090277777778,3.0,6.0,0.5807926829268293,2.0,48.0,72.0,6.0,72.0,3.4285714285714284,5.142857142857143,5.142857142857143,1.0,5.0,1.0,1.0118882668035285,1.0,-0.4179190455479456
14e8ad378842fe1f24ff85dd19b7e34a10358da6,com.adobe.cq.wcm.core.components.models.impl,124.0,0.0,0.0,0.0,1.0,0.0,1.0,0.0,0.0,0.0,1.0,0.0,0.0,0.0,0.0,1.0,6.0,2.0,1.0118882668035285,1.0,-0.4746881897485439
14e8ad378842fe1f24ff85dd19b7e34a10358da6,com.adobe.cq.wcm.core.components.models.impl.v1,25.5,19.5,221.0,33.26048611111111,3.0,8.5,0.6970309140781378,0.5,46.0,71.5,8.5,71.5,3.2857142857142856,5.107142857142858,5.107142857142858,1.0,5.5,1.5,1.0274416598509373,1.0,-0.2846992110512655
15a09783b8d5c89ed5dad6a2e378f8b294e87c1f,com.adobe.cq.wcm.core.components.internal.models.v1.contentfragment,22.5,3.5,197.5,31.544762731481477,17.0,3.0,0.8139462104544419,1.0,85.0,13.5,3.0,13.5,14.166666666666664,2.25,2.25,1.0,2.5,1.5,1.0272109329044703,1.0,-0.4304121966362523
15a09783b8d5c89ed5dad6a2e378f8b294e87c1f,com.adobe.cq.wcm.core.components.models.contentfragment,4.0,0.5,55.5,41.30299768518519,17.0,3.5,0.8863432165318958,1.0,42.5,6.5,3.5,6.5,7.083333333333332,1.0833333333333333,1.0833333333333333,1.0,2.5,1.5,1.0180035207917588,1.0,-0.223827791765109
19e4923e48a094b58f8fa6fe10a0dec954d42c93,apps.core.wcm.components.text.v1,15.0,15.0,128.0,0.7620486111111111,1.0,2.0,1.0,0.0,1.0,2.0,2.0,2.0,0.3333333333333333,0.6666666666666666,0.6666666666666666,1.0,134.0,118.0,1.0163525240802274,1.0,-0.5
19e4923e48a094b58f8fa6fe10a0dec954d42c93,com.adobe.cq.wcm.core.components.commons,15.0,15.0,33.0,29.81427083333333,1.0,2.0,1.0,0.0,1.0,1.5,2.0,1.5,0.3333333333333333,0.5,0.5,1.0,131.5,6.5,1.0251557384781478,1.0,-0.5
19e4cff87cdf44e1990fc1fb1a0565593ad39045,com.adobe.cq.wcm.core.components.internal.models.v1,43.0,36.0,306.0,47.815138888888896,17.0,7.0,0.7896174863387978,0.0,0.0,0.0,7.0,0.0,0.0,0.0,0.0,1.0,196.0,81.0,1.0209138783916063,1.0,0.0
1a2d24566556ef5e8e11d63f042cc42a910d3f69,com.adobe.cq.wcm.core.components.internal.servlets,6.0,9.0,575.0,0.1725925925925926,3.0,10.0,0.6606896551724138,0.0,0.0,0.0,10.0,0.0,0.0,0.0,0.0,1.0,459.0,77.0,6.793991416309012,1.0,0.0
1ad85838b9be81e24702e445c071fea17c3b3999,com.adobe.cq.wcm.core.components.internal.models.v1,3.0,3.0,259.0,8.076273148148147,17.0,4.0,0.8355263157894737,1.0,119.0,132.0,4.0,132.0,3.051282051282051,3.3846153846153846,3.3846153846153846,1.0,2466.0,140.0,1.0048996343364334,1.0,-0.08788129135923052
1ad85838b9be81e24702e445c071fea17c3b3999,com.adobe.cq.wcm.core.components.models,4.0,4.0,66.0,16.221493055555555,17.0,2.0,0.9428571428571428,0.0,544.0,34.0,2.0,34.0,13.948717948717947,0.8717948717948718,0.8717948717948718,1.0,2467.0,141.0,1.0045388864367462,1.0,-0.10923175372403604
1af14b68fd77c1f381bd62e1a8af2f6291a5b9b8,com.adobe.cq.wcm.core.components.internal.models.v1.form,1.0,1.0,228.0,173.62707175925925,18.0,10.0,0.8850574712643678,6.0,0.0,0.0,10.0,0.0,0.0,0.0,0.0,1.0,1950.0,504.0,1.0057594705126776,1.0,0.0
1be72a9ac7c4535e5462628cc6b02db87b6aba8f,apps.core.wcm.components.list.v1,32.0,62.0,238.0,9.963831018518519,1.0,2.0,1.0,0.0,2.0,6.0,2.0,6.0,0.1111111111111111,0.3333333333333333,0.3333333333333333,1.0,292.0,56.0,1.0334543342529403,1.0,-0.3923510681457839
1be72a9ac7c4535e5462628cc6b02db87b6aba8f,apps.core.wcm.components.page.v1,2.5,1.0,75.0,0.08256944444444445,1.0,2.0,1.0,0.0,5.0,10.5,2.0,10.5,0.2777777777777778,0.5833333333333334,0.5833333333333334,1.0,295.5,54.5,1.033134054486335,1.0,-0.04317595787617499
1be72a9ac7c4535e5462628cc6b02db87b6aba8f,apps.core.wcm.components.text.v1,14.0,46.0,129.0,11.312291666666667,1.0,4.0,1.0,0.0,4.0,10.0,4.0,10.0,0.2222222222222222,0.5555555555555556,0.5555555555555556,1.0,300.0,141.0,1.0189734152586665,1.0,-0.3069221650372308
1be72a9ac7c4535e5462628cc6b02db87b6aba8f,apps.core.wcm.components.title.v1,20.0,40.0,152.0,9.01679398148148,1.0,2.0,1.0,0.0,1.0,2.0,2.0,2.0,0.05555555555555555,0.1111111111111111,0.1111111111111111,1.0,306.0,23.0,1.0086282578039545,1.0,-0.3069221650372308
1be72a9ac7c4535e5462628cc6b02db87b6aba8f,com.adobe.cq.wcm.core.components.testing,169.0,0.0,0.0,0.0,1.0,0.0,1.0,0.0,0.0,0.0,1.0,0.0,0.0,0.0,0.0,1.0,289.0,1.0,0.0,1.0,-0.4975147075769847
1ce916465e53b60f851d60b15e8d62a5c5255e2b,apps.core.wcm.components.text.v1,1.0,0.0,128.0,2.9787731481481483,1.0,3.0,1.0,0.0,10.0,23.0,3.0,23.0,0.5555555555555556,1.2777777777777777,1.2777777777777777,1.0,153.0,137.0,1.0278943720198783,1.0,-0.014780470917137184
1ceed6dccbb882b52ac48ded83b6514f32850e4c,com.adobe.cq.wcm.core.components.context,1.0,0.0,111.0,21.243634259259263,17.0,10.0,0.875,3.0,34.0,11.0,10.0,11.0,3.4,1.1,1.1,1.0,1912.0,481.0,1.0235364624479009,1.0,-0.1112240263131666
1ceed6dccbb882b52ac48ded83b6514f32850e4c,com.adobe.cq.wcm.core.components.internal.models.v1,13.5,3.5,262.5,21.243634259259263,17.0,6.0,0.8432017543859649,1.5,34.0,15.0,6.0,15.0,3.4,1.5,1.5,1.0,1912.0,481.0,1.0313819499305348,1.0,-0.30257315320618483
23c20d9a54cdc8f08fb127d94136b62f72bd4743,apps.core.wcm.components.title.v1,152.0,0.0,0.0,0.0,1.0,0.0,1.0,0.0,0.0,0.0,1.0,0.0,0.0,0.0,0.0,1.0,231.0,20.0,0.0,1.0,-0.4346117820765541
25abc49be687298905ebc50758cec01573753c10,com.adobe.cq.wcm.core.components.models.impl.v1,13.0,6.0,251.0,24.10967592592593,3.0,8.0,0.82,1.0,0.0,0.0,8.0,0.0,0.0,0.0,0.0,1.0,1.0,0.0,,,
25d5055f56f34f5d226550d2340fb2ee89d213ad,com.adobe.cq.wcm.core.components.internal.models.v1,1.0,1.0,294.0,33.72270833333334,17.0,9.0,0.8517441860465116,5.0,0.0,0.0,9.0,0.0,0.0,0.0,0.0,1.0,3.0,3.0,1.0296536087824104,1.0,0.0
299249c81fa27f64f0182ab492fd48360b0def42,apps.core.wcm.components.list.v1,5.0,0.0,208.0,25.85326388888889,1.0,3.0,1.0,0.0,0.0,0.0,3.0,0.0,0.0,0.0,0.0,1.0,340.0,57.0,1.0386798357181422,1.0,0.0
2ecd480d55a9772fab3668ca3c34b81fa6d41623,com.adobe.cq.wcm.core.components.commons.editor.dialog.childreneditor,7.0,5.0,94.0,54.97510416666667,17.0,3.0,0.9215686274509804,1.0,51.0,34.0,3.0,34.0,17.0,11.333333333333336,11.333333333333336,1.0,4.0,4.0,1.0181900519363878,1.0,-0.31127812445913283
2ecd480d55a9772fab3668ca3c34b81fa6d41623,com.adobe.cq.wcm.core.components.internal.servlets,1.0,1.0,135.0,54.97510416666667,17.0,6.0,0.9657534246575342,4.0,51.0,34.0,6.0,34.0,17.0,11.333333333333336,11.333333333333336,1.0,6.0,6.0,1.0071985147064657,1.0,-0.25
2f8b401fb342307004e1f289b570ff120522f074,com.adobe.cq.wcm.core.components.internal,7.0,3.0,283.5,21.726030092592588,17.0,2.0,0.9748029615476475,1.0,153.0,17.0,2.0,17.0,4.935483870967742,0.5483870967741935,0.5483870967741935,1.0,42.0,23.0,1.017743441342497,1.0,-0.08307921204234976
2f8b401fb342307004e1f289b570ff120522f074,com.adobe.cq.wcm.core.components.internal.models.v1.contentfragment,3.0,1.0,226.0,21.726030092592588,17.0,2.0,0.9852216748768472,1.0,153.0,22.0,2.0,22.0,4.935483870967742,0.7096774193548387,0.7096774193548387,1.0,46.0,27.0,1.0060240800048026,1.0,-0.032539391635696094
2f8b401fb342307004e1f289b570ff120522f074,com.adobe.cq.wcm.core.components.models.contentfragment,2.0,2.0,293.0,21.726030092592588,17.0,2.0,0.9932203389830508,1.0,153.0,18.0,2.0,18.0,4.935483870967742,0.5806451612903226,0.5806451612903226,1.0,43.0,24.0,1.0098333206623105,1.0,-0.04111478848674385
30e4d944efee1f52cab6c3dd9a61d3544ac3e356,com.adobe.cq.wcm.core.components.models,2.0,2.0,70.0,16.042291666666667,17.0,2.0,1.0,0.0,68.0,98.0,2.0,98.0,4.533333333333333,6.533333333333332,6.533333333333332,1.0,2396.0,124.0,1.0116282543971356,1.0,-0.19241497298235571
32b70c0caadce6158b6607291a4d57c1a0309b37,com.adobe.cq.wcm.core.components.internal.models.v1.form,2.0,1.0,227.0,39.83738425925926,8.0,4.0,0.9705882352941176,2.0,24.0,84.0,4.0,84.0,24.0,84.0,84.0,1.0,294.0,192.0,1.0250997672170894,1.0,-0.1261922035977232
3782da557af36f5d02643498002f7d5ffb15a426,com.adobe.cq.wcm.core.components.internal.servlets,12.0,25.0,131.0,51.03248842592593,17.0,4.5,0.8207720588235294,0.5,51.0,12.0,4.5,12.0,25.5,6.0,6.0,1.0,10.5,0.5,1.0171014301989487,1.0,-0.2329650745198244
380b7d8bf754c773440fb84607e1dde57b789de1,com.adobe.cq.wcm.core.components.models.impl.v1,1.0,0.5,201.0,6.553819444444445,3.0,5.5,0.8321902967498822,0.0,12.0,18.0,5.5,18.0,6.0,9.0,9.0,1.0,407.5,30.5,1.120264200731405,1.0,-0.4965784284662087
385d0d8ab75f3cc8fd9342e4eace31de912a6296,com.adobe.cq.wcm.core.components.internal.models.v1,19.5,13.0,70.5,0.14141203703703706,13.0,2.0,1.0,0.0,65.0,7.5,2.0,7.5,3.8235294117647056,0.4411764705882353,0.4411764705882353,1.0,210.5,69.5,3.062530692421018,1.0,-0.23146075841611866
385d0d8ab75f3cc8fd9342e4eace31de912a6296,com.adobe.cq.wcm.core.components.models,1.0,0.0,75.0,4.086851851851852,13.0,3.0,0.9615384615384616,1.0,117.0,76.0,3.0,76.0,6.882352941176472,4.470588235294118,4.470588235294118,1.0,212.0,71.0,1.2149382052659858,1.0,-0.011695088409524428
385d0d8ab75f3cc8fd9342e4eace31de912a6296,com.adobe.cq.wcm.core.components.testing,49.0,0.0,0.0,0.0,1.0,0.0,1.0,0.0,0.0,0.0,1.0,0.0,0.0,0.0,0.0,1.0,225.0,19.0,1.0046044245108865,1.0,-0.2411886657679693
3994b1e24ed241df70c30b82916d5e4911714878,com.adobe.cq.wcm.core.components.internal.models.v2,1.0,1.0,188.0,40.12383101851852,17.0,12.0,0.5727272727272728,4.0,0.0,0.0,12.0,0.0,0.0,0.0,0.0,1.0,1.0,0.0,,,
3af6016d12d9085a080a1092d760ae53b9548546,com.adobe.cq.wcm.core.components.testing,7.0,35.0,120.0,43.94096064814815,5.0,2.0,0.9448818897637796,0.0,0.0,0.0,2.0,0.0,0.0,0.0,0.0,1.0,640.0,90.0,1.0227578092342444,1.0,0.0
3e48205444dc17f3d8c37a34c725f60824f26aea,com.adobe.cq.wcm.core.components.internal.servlets,2.0,1.0,186.0,4.636736111111111,9.0,2.0,0.9893617021276596,1.0,0.0,0.0,2.0,0.0,0.0,0.0,0.0,1.0,676.0,135.0,1.2156689481645673,1.0,0.0
41f645df9c1d441ee852dbe37e023ae0bd90d5ab,com.adobe.cq.wcm.core.components.internal.models.v1,2.0,1.0,59.5,0.907800925925926,13.0,3.0,0.9686602870813397,1.0,26.0,5.0,3.0,5.0,26.0,5.0,5.0,1.0,340.5,66.5,1.826172323227172,1.0,-0.5
426caf2d8bfa32745baa57b4ba2c5e25900c2173,com.adobe.cq.wcm.core.components.models.impl.v1,3.0,3.0,212.5,4.981400462962963,3.0,3.5,0.8949435028248588,0.5,9.0,7.0,3.5,7.0,4.5,3.5,3.5,1.0,372.5,9.5,1.1505600695178593,1.0,-0.3533075257238263
42d5c556b0a7fa01c02dae8b05479d5e9be6c713,com.adobe.cq.wcm.core.components.internal.servlets,41.0,1.5,242.0,1.2278472222222223,3.0,2.0,0.8598612386491175,0.0,9.0,15.5,2.0,15.5,1.8,3.1,3.1,1.0,358.5,0.5,1.6108251795712913,1.0,-0.4337897227474985
42f9b3fea143d43eaab8d2c3a82c34e03a470fe7,com.adobe.cq.wcm.core.components.internal.models.v1,0.0,8.0,239.0,55.178761574074066,9.0,7.0,0.7051597051597052,2.0,212.0,217.0,7.0,217.0,15.142857142857142,15.5,15.5,1.0,71.0,8.0,1.007592641429863,1.0,-0.13943516507989018
42f9b3fea143d43eaab8d2c3a82c34e03a470fe7,com.adobe.cq.wcm.core.components.internal.servlets,26.0,1.0,674.0,38.26385416666667,9.0,16.5,0.41049460271591753,3.5,248.0,225.0,16.5,225.0,17.714285714285715,16.07142857142857,16.07142857142857,1.0,71.5,8.5,1.0075716283522391,1.0,-0.3125647313291604
4484d9888b78af0b4bd55a2bc0df95001495a10c,com.adobe.cq.wcm.core.components.context,10.0,2.0,62.0,43.827905092592594,5.0,4.0,0.851063829787234,1.0,60.0,58.0,4.0,58.0,5.0,4.833333333333333,4.833333333333333,1.0,630.0,108.0,1.0057046018508131,1.0,-0.127097071942461
4484d9888b78af0b4bd55a2bc0df95001495a10c,com.adobe.cq.wcm.core.components.internal.models.v1,9.0,13.0,200.0,43.827905092592594,5.0,2.0,0.9692307692307692,1.0,60.0,61.0,2.0,61.0,5.0,5.083333333333333,5.083333333333333,1.0,631.0,109.0,1.0045636057302407,1.0,-0.19536292166459324
4484d9888b78af0b4bd55a2bc0df95001495a10c,com.adobe.cq.wcm.core.components.internal.servlets,126.0,61.0,537.0,43.827905092592594,5.0,10.5,0.5101408065888132,1.5,62.5,56.0,10.5,56.0,5.208333333333334,4.666666666666666,4.666666666666666,1.0,631.0,109.0,1.0054330013860384,1.0,-0.43698430451190234
460a0045fa119a0de557dcd12804801b025000d6,com.adobe.cq.wcm.core.components.internal.models.v1,2.0,1.0,238.0,168.28805555555556,16.0,7.0,0.6906077348066298,2.0,16.0,5.0,7.0,5.0,16.0,5.0,5.0,1.0,1.0,1.0,1.0059421923718757,1.0,-0.5
460a0045fa119a0de557dcd12804801b025000d6,com.adobe.cq.wcm.core.components.internal.models.v2,2.0,1.0,134.0,168.28805555555556,16.0,6.0,0.7382550335570469,3.0,16.0,7.0,6.0,7.0,16.0,7.0,7.0,1.0,2.0,2.0,1.0029710961859375,1.0,-0.5
47b209f1e4bc6904b4fae1ba93ace80ba21f0d1f,com.adobe.cq.wcm.core.components.internal.models.v1,13.0,1.5,242.0,70.84697916666667,17.0,6.0,0.9142039503217119,1.0,102.0,29.5,6.0,29.5,34.0,9.833333333333332,9.833333333333332,1.0,1.0,0.3675377923290186,1.007057463929743,1.0,-0.3828496155020014
4b3f415790398341cec3d36e577d9d595916077a,com.adobe.cq.wcm.core.components.internal.models.v1,34.0,0.5,156.0,4.576174768518519,5.5,5.0,0.8360655737704918,2.5,226.5,84.0,5.5,84.0,10.295454545454545,3.818181818181819,3.818181818181819,1.0,59.5,0.5,0.5546307806510928,1.0,-0.20337078222642047
4b3f415790398341cec3d36e577d9d595916077a,com.adobe.cq.wcm.core.components.internal.models.v2,37.0,0.0,146.5,51.09607060185186,9.5,6.0,0.7222713212549712,2.0,431.0,183.0,6.0,183.0,19.59090909090909,8.318181818181818,8.318181818181818,1.0,62.5,3.5,1.0075598464330962,1.0,-0.2637624639472043
4b3f415790398341cec3d36e577d9d595916077a,com.adobe.cq.wcm.core.components.models,56.5,1.0,122.5,38.06244212962963,5.0,2.5,0.6851851851851852,0.0,88.0,33.0,3.0,33.0,4.0,1.5,1.5,1.0,62.5,3.5,1.0056079894637302,1.0,-0.32539046816370726
4c839e3ea898adc673ce5f7cc8a312661deb35fd,com.adobe.cq.wcm.core.components.internal.models.v1,24.5,0.0,480.0,62.67046296296296,17.5,4.0,0.7764143311278731,1.0,225.5,46.0,4.0,46.0,17.34615384615385,3.5384615384615383,3.5384615384615383,1.0,2711.0,221.0,1.0150348673350027,1.0,-0.44145608893831734
4c839e3ea898adc673ce5f7cc8a312661deb35fd,com.adobe.cq.wcm.core.components.internal.models.v1.contentfragment,6.0,0.0,295.0,84.76611111111113,17.0,5.0,0.9129213483146068,3.0,171.0,49.0,5.0,49.0,13.153846153846152,3.7692307692307687,3.7692307692307687,1.0,2715.0,225.0,1.0016791375016938,1.0,-0.19765268243384104
4c839e3ea898adc673ce5f7cc8a312661deb35fd,com.adobe.cq.wcm.core.components.models,10.0,0.0,66.0,89.70395833333332,17.0,3.0,0.825,0.0,138.0,22.0,3.0,22.0,10.615384615384617,1.6923076923076923,1.6923076923076923,1.0,2711.0,221.0,1.0042964488010744,1.0,-0.27562802832650835
4c839e3ea898adc673ce5f7cc8a312661deb35fd,com.adobe.cq.wcm.core.components.models.contentfragment,7.0,0.5,156.0,87.65464699074073,17.0,5.0,0.8699433656957929,3.0,155.5,45.5,5.0,45.5,11.961538461538463,3.5,3.5,1.0,2712.5,222.5,1.002738030336519,1.0,-0.20571082083421063
4de23b51987cedf509f3b7e161756f6edcf9f23e,com.adobe.cq.wcm.core.components.models.impl.v1,7.0,5.0,215.5,26.618547453703705,3.0,7.0,0.7834821428571428,0.0,18.0,33.0,7.0,33.0,6.0,11.0,11.0,1.0,617.5,101.5,1.0234205313812021,1.0,-0.41352734619697923
50e571791c6085f32b29ddf0812939713b5224f1,com.adobe.cq.wcm.core.components.internal.servlets,1.5,1.5,208.5,53.7647800925926,17.0,6.0,0.9553590657828614,3.5,17.0,5.5,6.0,5.5,17.0,5.5,5.5,1.0,3.5,1.5,1.0139496525180305,1.0,-0.4591479170272448
5214c2b78d127e8663cfc861ff13f380537099b6,com.adobe.cq.wcm.core.components.internal.models.v1,22.0,23.0,239.0,-0.449537037037037,17.0,7.0,0.7430167597765364,2.0,51.0,183.0,7.0,183.0,17.0,61.0,61.0,1.0,1923.0,492.0,1.08275838287821,1.0,-0.5067608297314629
5214c2b78d127e8663cfc861ff13f380537099b6,com.adobe.cq.wcm.core.components.internal.servlets,9.0,20.0,670.0,20.794097222222227,17.0,18.0,0.3732394366197183,5.0,51.0,173.0,18.0,173.0,17.0,57.66666666666666,57.66666666666666,1.0,1924.0,493.0,1.030415970074065,1.0,-0.5242382436928315
561a45c7d8826ea4fa37392f03efbaf30d7b2b8b,com.adobe.cq.wcm.core.components.internal.models.v1,19.0,7.0,300.0,28.70868055555556,10.0,9.0,0.6737089201877934,4.0,114.0,117.0,9.0,117.0,22.8,23.4,23.4,1.0,84.0,15.0,1.0348326701418706,1.0,-0.5175194203655905
561a45c7d8826ea4fa37392f03efbaf30d7b2b8b,com.adobe.cq.wcm.core.components.internal.models.v2,7.0,0.0,163.0,83.88744212962962,9.0,5.0,0.875,2.0,88.0,100.0,5.0,100.0,17.6,20.0,20.0,1.0,86.0,17.0,1.0070769002685371,1.0,-0.28657208022116104
561a45c7d8826ea4fa37392f03efbaf30d7b2b8b,com.adobe.cq.wcm.core.components.internal.servlets,4.0,27.0,714.0,28.70868055555556,10.0,20.0,0.4127105666156202,3.0,105.0,63.0,20.0,63.0,21.0,12.6,12.6,1.0,85.0,16.0,1.017416335070935,1.0,-0.5296373373802976
575e4d10e08e9d0285ab5ab6f7b74fb7c425a502,com.adobe.cq.wcm.core.components.internal.servlets,3.0,2.0,191.0,66.15790509259259,17.0,2.0,0.9845360824742267,1.0,0.0,0.0,2.0,0.0,0.0,0.0,0.0,1.0,1.0,0.0,,,
5a942c5ffc2b58a86e0313bbbac4d3e49fe46477,com.adobe.cq.wcm.core.components,5.0,2.0,93.0,92.13273148148147,5.0,2.0,0.9489795918367347,0.0,404.0,216.0,2.0,216.0,0.6882453151618398,0.3679727427597956,0.3679727427597956,1.0,60.0,52.0,1.0002824129400825,1.0,-0.002642631531710801
5a942c5ffc2b58a86e0313bbbac4d3e49fe46477,com.adobe.cq.wcm.core.components.context,3.0,2.0,70.0,48.30482638888889,5.0,5.0,0.8247422680412371,2.0,447.0,274.0,5.0,274.0,0.7614991482112436,0.4667802385008518,0.4667802385008518,1.0,61.0,53.0,1.0002786121389045,1.0,-0.0019628912812415826
5a942c5ffc2b58a86e0313bbbac4d3e49fe46477,com.adobe.cq.wcm.core.components.internal,0.0,32.0,32.0,92.13273148148147,5.0,3.0,0.8210144927536231,1.0,375.0,200.5,3.0,200.5,0.6388415672913117,0.3415672913117547,0.3415672913117547,1.0,35.5,27.5,1.0007609701911413,1.0,-0.009897570335408959
5a942c5ffc2b58a86e0313bbbac4d3e49fe46477,com.adobe.cq.wcm.core.components.internal.form,1.0,4.0,141.0,64.78071759259261,5.0,3.0,0.9518072289156626,2.0,351.0,188.0,3.0,188.0,0.5979557069846678,0.3202725724020443,0.3202725724020443,1.0,11.0,3.0,1.0010452369857108,1.0,-0.0016102619106279827
5a942c5ffc2b58a86e0313bbbac4d3e49fe46477,com.adobe.cq.wcm.core.components.internal.jackson,77.5,0.0,0.0,0.0,1.0,0.0,1.0,0.0,0.0,0.0,1.0,0.0,0.0,0.0,0.0,1.0,38.0,30.0,1.0006560894788536,1.0,-0.02087943680305966
5a942c5ffc2b58a86e0313bbbac4d3e49fe46477,com.adobe.cq.wcm.core.components.internal.models,107.0,0.0,0.0,0.0,1.0,0.0,1.0,0.0,0.0,0.0,1.0,0.0,0.0,0.0,0.0,1.0,65.0,57.0,1.0002669419719965,1.0,-0.027335318681584852
5a942c5ffc2b58a86e0313bbbac4d3e49fe46477,com.adobe.cq.wcm.core.components.internal.models.v1,27.0,1.0,64.0,48.30482638888889,5.0,2.0,0.9878048780487804,0.0,352.0,190.0,2.0,190.0,0.5996592844974447,0.32367972742759793,0.32367972742759793,1.0,25.0,17.0,1.000728036988391,1.0,-0.011468573169553156
5a942c5ffc2b58a86e0313bbbac4d3e49fe46477,com.adobe.cq.wcm.core.components.internal.models.v1.form,6.0,2.0,106.0,92.13273148148147,5.0,2.0,0.9705882352941176,1.0,374.0,201.0,2.0,201.0,0.6371379897785351,0.3424190800681431,0.3424190800681431,1.0,34.0,26.0,1.0004539777411456,1.0,-0.002642631531710801
5a942c5ffc2b58a86e0313bbbac4d3e49fe46477,com.adobe.cq.wcm.core.components.internal.models.v2,115.5,0.0,0.0,0.0,1.0,0.0,1.0,0.0,0.0,0.0,1.0,0.0,0.0,0.0,0.0,1.0,58.5,50.5,1.0003340108674454,1.0,-0.029105793028662973
5a942c5ffc2b58a86e0313bbbac4d3e49fe46477,com.adobe.cq.wcm.core.components.internal.resource,94.5,0.0,0.0,0.0,1.0,0.0,1.0,0.0,0.0,0.0,1.0,0.0,0.0,0.0,0.0,1.0,60.5,52.5,1.0003340108674454,1.0,-0.02461738429442039
5a942c5ffc2b58a86e0313bbbac4d3e49fe46477,com.adobe.cq.wcm.core.components.internal.servlets,176.0,0.0,0.0,0.0,1.0,0.0,1.0,0.0,0.0,0.0,1.0,0.0,0.0,0.0,0.0,1.0,42.0,34.0,1.0004267688678001,1.0,-0.041042627719670564
5a942c5ffc2b58a86e0313bbbac4d3e49fe46477,com.adobe.cq.wcm.core.components.models,45.0,1.0,48.5,92.13273148148147,5.0,3.0,0.6297946418033754,0.0,383.0,204.5,3.0,204.5,0.6524701873935264,0.348381601362862,0.348381601362862,1.0,49.5,41.5,1.0003752546299807,1.0,-0.013510897093762093
5a942c5ffc2b58a86e0313bbbac4d3e49fe46477,com.adobe.cq.wcm.core.components.models.form,16.0,1.0,90.0,92.13273148148147,5.0,3.0,0.4220779220779221,0.0,398.0,212.0,3.0,212.0,0.6780238500851788,0.36115843270868825,0.36115843270868825,1.0,57.0,49.0,1.00030632411887,1.0,-0.006895313701816516
5a942c5ffc2b58a86e0313bbbac4d3e49fe46477,com.adobe.cq.wcm.core.components.testing,15.0,1.0,41.0,92.13273148148147,3.0,2.0,0.9855072463768116,0.0,0.0,0.0,2.0,0.0,0.0,0.0,0.0,1.0,586.0,217.0,1.0000406213992925,1.0,-0.009371537827623393
5a942c5ffc2b58a86e0313bbbac4d3e49fe46477,com.customer.models,23.0,0.0,0.0,0.0,1.0,0.0,1.0,0.0,0.0,0.0,1.0,0.0,0.0,0.0,0.0,1.0,87.0,79.0,1.0002118535639135,1.0,-0.007458363031798331
5c49a780a9ab3f3950543e65352342dcb71f7e29,com.adobe.cq.wcm.core.components.internal.servlets,1.0,1.0,758.0,90.26039351851853,12.0,22.0,0.38362989323843416,4.0,0.0,0.0,22.0,0.0,0.0,0.0,0.0,1.0,339.0,65.0,1.0110790565054963,1.0,0.0
5cbc7436f3c2cb9e02ba06b72add17293d8f6fac,com.adobe.cq.wcm.core.components.internal.form,8.0,26.5,175.5,27.352013888888887,5.0,2.0,0.9560031169453935,1.0,5.0,1.5,2.0,1.5,2.5,0.75,0.75,1.0,624.5,103.5,1.0274202844092832,1.0,-0.5267118820296564
5d5fb0f15aa14357feffd643f16a47f08b5808ed,com.adobe.cq.wcm.core.components.internal.models.v1,4.5,3.5,86.0,0.7995833333333333,17.0,5.5,0.8927529182879378,1.0,187.0,46.5,5.5,46.5,9.35,2.325,2.325,1.0,2438.5,129.5,1.0225854002802195,1.0,-0.2552509934159929
5d5fb0f15aa14357feffd643f16a47f08b5808ed,com.adobe.cq.wcm.core.components.models,3.0,3.0,79.5,0.7995833333333333,17.0,3.5,0.79,0.0,187.0,51.5,3.5,51.5,9.35,2.575,2.575,1.0,2442.5,133.5,1.010691183316443,1.0,-0.22101819798653874
6178feec21070447a0d2c5ce955ebf58577cd690,com.adobe.cq.wcm.core.components.models.impl.v1,3.0,6.0,185.0,11.469554398148148,3.0,4.0,0.900885892866367,1.0,16.5,44.0,4.0,44.0,3.3,8.8,8.8,1.0,389.5,23.5,1.0170432174287958,1.0,-0.4802108055751693
61f28108a52f72805c6aa0acc4de8b264aa4c8fc,com.adobe.cq.wcm.core.components.internal.models.v1.contentfragment,1.0,1.0,337.0,0.8726851851851852,17.0,4.0,0.9979529170931424,1.0,0.0,0.0,4.0,0.0,0.0,0.0,0.0,1.0,38.0,20.0,2.145888594164456,1.0,0.0
650b51ba4d7e9b63a2227bec90ac8ebec8d0f261,com.adobe.cq.wcm.core.components.internal.models.v1,6.0,0.0,364.0,49.0828125,17.0,19.0,0.5763052208835341,6.0,34.0,23.0,19.0,23.0,17.0,11.5,11.5,1.0,1.0,-0.5302942378338295,,,
650b51ba4d7e9b63a2227bec90ac8ebec8d0f261,com.adobe.cq.wcm.core.components.models,5.0,0.5,166.5,39.025231481481484,17.0,12.5,0.3778197030596342,4.0,34.0,31.0,12.5,31.0,17.0,15.5,15.5,1.0,1.5,1.5,1.0090263133128259,1.0,-0.42449312472861545
657d593626c665042f675c3c7a579b3ba0db45ca,com.adobe.cq.wcm.core.components.commons.editor.dialog.childreneditor,120.5,0.0,0.0,0.0,1.0,0.0,1.0,0.0,0.0,0.0,1.0,0.0,0.0,0.0,0.0,1.0,198.5,42.5,1.0318678076128651,1.0,-0.07867247578801637
657d593626c665042f675c3c7a579b3ba0db45ca,com.adobe.cq.wcm.core.components.internal.jackson,9.0,2.0,66.0,277.64177083333334,8.0,2.0,0.88,0.0,0.0,0.0,2.0,0.0,0.0,0.0,0.0,1.0,200.0,44.0,1.0032360218370049,1.0,-0.011168312900748321
657d593626c665042f675c3c7a579b3ba0db45ca,com.adobe.cq.wcm.core.components.internal.models,72.0,0.0,0.0,0.0,1.0,0.0,1.0,0.0,0.0,0.0,1.0,0.0,0.0,0.0,0.0,1.0,203.5,47.5,1.0032360218370049,1.0,-0.05280185136883251
657d593626c665042f675c3c7a579b3ba0db45ca,com.adobe.cq.wcm.core.components.internal.servlets,136.5,0.0,0.0,0.0,1.0,0.0,1.0,0.0,0.0,0.0,1.0,0.0,0.0,0.0,0.0,1.0,208.5,52.5,1.0032360218370049,1.0,-0.08696658350006761
657d593626c665042f675c3c7a579b3ba0db45ca,com.adobe.cq.wcm.core.components.models,62.0,0.0,0.0,0.0,1.0,0.0,1.0,0.0,0.0,0.0,1.0,0.0,0.0,0.0,0.0,1.0,207.0,51.0,1.0032360218370049,1.0,-0.046880169608335326
6fcd0cc5a2d088fc5a3410a3f1c29a0b3fef45e5,com.adobe.cq.wcm.core.components.internal.models.v1,3.0,12.0,273.5,-6.0460416666666665,17.0,4.0,0.9439817015209125,0.5,204.0,43.5,4.0,43.5,51.0,10.875,10.875,1.0,2307.5,110.5,0.8759518969022433,1.0,-0.3663994667742061
71c53d713d5ea55b2736dc4c7c59362b41566ed4,com.adobe.cq.wcm.core.components.internal.servlets,15.0,10.0,566.0,9.824432870370373,3.0,5.0,0.6761619190404797,0.0,15.0,15.0,5.0,15.0,7.5,7.5,7.5,1.0,393.0,25.0,1.101787045949076,1.0,-0.4814873390797485
71c53d713d5ea55b2736dc4c7c59362b41566ed4,com.adobe.cq.wcm.core.components.models.impl.v1,22.5,21.5,199.5,8.388015046296298,3.0,4.0,0.8437984045848823,0.0,13.5,19.5,4.0,19.5,6.75,9.75,9.75,1.0,394.5,26.5,1.0442434268196044,1.0,-0.4965414155818066
72181350fddc8dcfc3ca291282b865599a5b3d81,com.adobe.cq.wcm.core.components.internal.models.v1.contentfragment,0.0,1.0,253.0,12.993645833333336,17.0,7.0,0.8929133858267716,2.0,102.0,199.0,7.0,199.0,7.2857142857142865,14.214285714285715,14.214285714285715,1.0,2648.0,212.0,1.0279551307209738,1.0,-0.05832748346916815
72181350fddc8dcfc3ca291282b865599a5b3d81,com.adobe.cq.wcm.core.components.internal.servlets,4.0,7.0,509.0,6.59802662037037,17.0,16.0,0.7113770181172829,4.0,102.0,165.0,16.0,165.0,7.285714285714286,11.785714285714285,11.785714285714285,1.0,2649.5,213.5,1.0241646918221672,1.0,-0.3100139987179216
72b98404085daef945489bfb032487644e33347f,com.adobe.cq.wcm.core.components.context,0.0,1.0,71.0,233.64,8.0,7.0,0.8163265306122449,3.0,0.0,0.0,7.0,0.0,0.0,0.0,0.0,1.0,185.0,33.0,1.0035044120507155,1.0,-0.08391153196795878
72b98404085daef945489bfb032487644e33347f,com.adobe.cq.wcm.core.components.internal.models.v1,1.0,3.0,246.0,117.86604166666666,8.0,5.0,0.7002801120448179,0.0,0.0,0.0,5.0,0.0,0.0,0.0,0.0,1.0,186.0,34.0,1.0024800319395966,1.0,-0.227538019763727
72b98404085daef945489bfb032487644e33347f,com.adobe.cq.wcm.core.components.internal.models.v1.form,7.0,5.0,160.0,235.58399305555562,8.0,3.0,0.9161676646706588,2.0,0.0,0.0,3.0,0.0,0.0,0.0,0.0,1.0,187.0,35.0,1.0015654239024794,1.0,-0.4255931132282909
72b98404085daef945489bfb032487644e33347f,com.adobe.cq.wcm.core.components.internal.models.v2,1.0,1.0,135.0,158.7975462962963,10.0,3.0,0.8029197080291971,0.0,0.0,0.0,3.0,0.0,0.0,0.0,0.0,1.0,188.0,36.0,1.0012537578998721,1.0,-0.14079603690889056
72b98404085daef945489bfb032487644e33347f,com.adobe.cq.wcm.core.components.internal.servlets,3.5,7.0,165.0,296.23117476851854,6.0,2.5,0.9625792484923458,1.0,0.0,0.0,2.5,0.0,0.0,0.0,0.0,1.0,189.5,37.5,1.0009064610096088,1.0,-0.38813558996620445
752a639bf59470ffe253f408972b2a0b290bcba9,apps.core.wcm.components.list.v1,238.0,0.0,0.0,0.0,1.0,0.0,1.0,0.0,0.0,0.0,1.0,0.0,0.0,0.0,0.0,1.0,206.0,49.0,1.0871449147311216,1.0,-0.4041156317164668
752a639bf59470ffe253f408972b2a0b290bcba9,apps.core.wcm.components.list.v1.list,0.0,64.0,64.0,1.0431944444444443,1.0,2.0,1.0,0.0,12.0,23.0,2.0,23.0,0.5714285714285714,1.0952380952380951,1.0952380952380951,1.0,207.0,50.0,1.0798828385035282,1.0,-0.18261385754167594
77b49217fff24ecb178afa43a7922f0a21a4ce70,com.adobe.cq.wcm.core.components.internal.models.v1,56.5,5.5,269.0,68.77361689814815,8.0,3.5,0.7974380931991722,1.0,16.0,6.0,3.5,6.0,16.0,6.0,6.0,1.0,4.5,0.5,1.0110095699314359,1.0,-0.3991220667823349
77dd7429316b85e785577c416ef7a520d8fbc161,com.adobe.cq.wcm.core.components.internal.models.v1,4.0,0.0,136.0,16.91490740740741,9.0,5.0,0.8344370860927153,2.0,132.0,165.0,5.0,165.0,26.4,33.0,33.0,1.0,565.0,112.0,1.0058988986128166,1.0,-0.11959743698413647
77dd7429316b85e785577c416ef7a520d8fbc161,com.adobe.cq.wcm.core.components.internal.servlets,45.0,21.5,650.5,16.91490740740741,9.0,15.5,0.4199981053429329,2.5,148.0,151.0,15.5,151.0,29.6,30.200000000000003,30.200000000000003,1.0,564.0,111.0,1.0322415798991034,1.0,-0.4882563270814273
77dd7429316b85e785577c416ef7a520d8fbc161,com.adobe.cq.wcm.core.components.models,8.5,0.5,134.5,67.84667824074074,8.0,4.5,0.4013647279329936,0.5,87.0,94.0,4.5,94.0,17.4,18.8,18.8,1.0,563.5,110.5,1.0091752611587141,1.0,-0.18801315213322597
796d958159f9d66c6e586f1073b5721a93ccf875,com.adobe.cq.wcm.core.components.internal.servlets,30.0,23.0,563.0,32.94576388888889,3.0,7.0,0.6485714285714286,0.0,0.0,0.0,7.0,0.0,0.0,0.0,0.0,1.0,604.0,98.0,1.030352915882374,1.0,0.0
7b5115a1b38012178bbd62a68c2edb85cbba0bf4,com.adobe.cq.wcm.core.components.internal.models.v1,1.0,1.0,318.0,14.9034375,12.0,14.0,0.6567505720823799,5.0,0.0,0.0,14.0,0.0,0.0,0.0,0.0,1.0,231.0,81.0,1.0268803906616777,1.0,-0.5163871205878868
7cea36ef21fab6de419cb489b3ea41ada95f408a,com.adobe.cq.wcm.core.components.internal.servlets,2.0,2.0,113.0,80.32502314814816,17.0,2.0,0.982608695652174,1.0,0.0,0.0,2.0,0.0,0.0,0.0,0.0,1.0,2458.0,136.0,1.0124494206264425,1.0,0.0
7dd2b2d0fcccd7bb7b1f7b22018db36a529bc14a,com.adobe.cq.wcm.core.components.internal.models.v1,32.0,3.0,232.0,167.16079861111112,12.0,9.0,0.5893223819301848,3.0,135.0,96.0,9.0,96.0,5.1923076923076925,3.692307692307693,3.692307692307693,1.0,3.0,3.0,1.0018767711616186,1.0,-0.22179800477622585
7dd2b2d0fcccd7bb7b1f7b22018db36a529bc14a,com.adobe.cq.wcm.core.components.internal.models.v2,14.5,7.5,203.5,148.97002314814816,12.0,9.0,0.6041343669250646,2.5,183.5,119.5,9.0,119.5,7.057692307692308,4.596153846153847,4.596153846153847,1.0,3.0,3.0,1.0029361915486623,1.0,-0.22191186860581225
7dd2b2d0fcccd7bb7b1f7b22018db36a529bc14a,com.adobe.cq.wcm.core.components.internal.servlets,27.5,8.0,721.0,177.7838252314815,11.0,19.0,0.38630258942519,5.0,67.0,40.0,19.0,40.0,2.5769230769230766,1.5384615384615383,1.5384615384615383,1.0,4.0,4.0,1.00216864141973,1.0,-0.32842942602361114
8042f14fbb6cbb29152719d27724baafe886c2cf,com.adobe.cq.wcm.core.components.commons.editor.dialog.childreneditor,7.0,1.0,185.0,32.116643518518515,13.0,2.0,0.9635416666666666,1.0,169.0,19.0,2.0,19.0,8.04761904761905,0.9047619047619048,0.9047619047619048,1.0,167.0,31.0,1.0311365040192757,1.0,-0.11635338543169076
8042f14fbb6cbb29152719d27724baafe886c2cf,com.adobe.cq.wcm.core.components.internal.models,5.0,1.0,67.0,9.775057870370368,13.0,2.0,0.9571428571428572,0.0,169.0,22.0,2.0,22.0,8.04761904761905,1.0476190476190477,1.0476190476190477,1.0,172.0,36.0,1.0094228514399128,1.0,-0.1370581876519217
8042f14fbb6cbb29152719d27724baafe886c2cf,com.adobe.cq.wcm.core.components.internal.models.v1,6.0,0.0,105.0,307.8144212962963,8.0,3.0,0.9375,1.0,0.0,0.0,3.0,0.0,0.0,0.0,0.0,1.0,174.0,38.0,1.0022418707082543,1.0,-0.09375
8042f14fbb6cbb29152719d27724baafe886c2cf,com.adobe.cq.wcm.core.components.internal.servlets,10.0,9.0,176.0,309.7584143518518,8.0,2.0,0.946236559139785,0.0,0.0,0.0,2.0,0.0,0.0,0.0,0.0,1.0,180.0,44.0,1.0008775153332092,1.0,-0.21459287697467147
8042f14fbb6cbb29152719d27724baafe886c2cf,com.adobe.cq.wcm.core.components.models,8.5,3.0,80.5,170.93752893518516,10.5,2.0,0.9127555612704128,0.5,84.5,12.0,2.0,12.0,4.023809523809525,0.5714285714285714,0.5714285714285714,1.0,175.5,39.5,1.0016802205648205,1.0,-0.14159311817859177
81a920b35e8c9b1fd4736f39676bf21e186dd4e8,com.adobe.cq.wcm.core.components.internal.models.v1.contentfragment,37.0,33.0,281.5,13.014120370370375,17.0,6.5,0.9098597347384808,1.0,85.0,30.0,6.5,30.0,85.0,30.0,30.0,1.0,1898.5,471.5,1.057629711317835,1.0,-0.4165724769434024
82514a10e8a270435c0021839ed291a17b6ed3e1,apps.core.wcm.components.list.v1.list,64.0,0.0,0.0,0.0,1.0,0.0,1.0,0.0,0.0,0.0,1.0,0.0,0.0,0.0,0.0,1.0,182.0,29.0,1.0311333400596725,1.0,-0.1299487191892936
8321c4f81e884f1b658c3381d976cf7ce80369f7,com.adobe.cq.wcm.core.components.internal.form,0.0,1.0,168.0,47.853125,17.0,7.0,0.8812785388127854,3.0,17.0,3.0,7.0,3.0,17.0,3.0,3.0,1.0,1.0,1.0,1.020897276823614,1.0,-0.5
8321c4f81e884f1b658c3381d976cf7ce80369f7,com.adobe.cq.wcm.core.components.internal.jackson,0.0,1.0,73.0,47.853125,17.0,4.0,0.8684210526315791,2.0,17.0,7.0,4.0,7.0,17.0,7.0,7.0,1.0,2.0,2.0,1.010448638411807,1.0,-0.5
85e8deb869abe921081b4d9b930a2bdca5b481f2,com.adobe.cq.wcm.core.components.internal.models.v1,89.0,0.0,0.0,0.0,1.0,0.0,1.0,0.0,0.0,0.0,1.0,0.0,0.0,0.0,0.0,1.0,2028.0,88.0,0.943710714769683,1.0,-0.2966672260782077
85e8deb869abe921081b4d9b930a2bdca5b481f2,com.adobe.cq.wcm.core.components.models,70.0,0.0,0.0,0.0,1.0,0.0,1.0,0.0,0.0,0.0,1.0,0.0,0.0,0.0,0.0,1.0,2028.0,88.0,0.943710714769683,1.0,-0.2566127022578883
884eb49f9540108132b7a8fd33e5145cecc30ec6,com.adobe.cq.wcm.core.components.internal.models.v1.contentfragment,184.5,0.0,0.0,0.0,1.0,0.0,1.0,0.0,0.0,0.0,1.0,0.0,0.0,0.0,0.0,1.0,125.5,46.5,0.5627929793960535,1.0,-0.2834596247813311
884eb49f9540108132b7a8fd33e5145cecc30ec6,com.adobe.cq.wcm.core.components.internal.servlets.contentfragment,100.0,0.0,0.0,0.0,1.0,0.0,1.0,0.0,0.0,0.0,1.0,0.0,0.0,0.0,0.0,1.0,128.0,49.0,1.125585958792107,1.0,-0.2211192126843193
884eb49f9540108132b7a8fd33e5145cecc30ec6,com.adobe.cq.wcm.core.components.models.contentfragment,92.0,0.0,0.0,0.0,1.0,0.0,1.0,0.0,0.0,0.0,1.0,0.0,0.0,0.0,0.0,1.0,129.0,50.0,1.125585958792107,1.0,-0.17959030543489993
8912754d5dd0a90c99b0191268dfe87878a4145c,com.adobe.cq.wcm.core.components.models,4.0,4.0,218.0,13.328449074074076,11.0,2.0,0.981981981981982,1.0,132.0,12.0,2.0,12.0,10.153846153846152,0.9230769230769232,0.9230769230769232,1.0,88.0,16.0,1.0750274840262666,1.0,-0.22357513228650447
8b324b3df298d516b332f16c0f5f8e315bddadbd,com.adobe.cq.wcm.core.components.internal.models.v1,0.0,39.0,66.0,0.050613425925925916,8.0,3.0,0.5909090909090909,1.0,0.0,0.0,3.0,0.0,0.0,0.0,0.0,1.0,295.0,193.0,20.757603475874685,1.0,0.0
8cd40bc35a7a3074d39b4cc0d23a07850fbc49af,com.adobe.cq.wcm.core.components,1.0,2.0,31.0,428.7231597222223,5.0,2.0,0.967741935483871,1.0,0.0,0.0,2.0,0.0,0.0,0.0,0.0,1.0,910.0,222.0,1.0000629641518783,1.0,-0.021639690380803742
8cd40bc35a7a3074d39b4cc0d23a07850fbc49af,com.adobe.cq.wcm.core.components.context,0.0,1.0,70.0,193.13916666666665,11.0,8.0,0.8163265306122449,3.0,0.0,0.0,8.0,0.0,0.0,0.0,0.0,1.0,911.0,224.0,1.0000622076543095,1.0,-0.008536237222695147
8cd40bc35a7a3074d39b4cc0d23a07850fbc49af,com.adobe.cq.wcm.core.components.extension.contentfragment.internal.models.v1,20.0,23.5,671.5,249.92480902777777,1.0,2.5,0.9684517135420514,1.5,0.0,0.0,2.5,0.0,0.0,0.0,0.0,1.0,943.0,51.0,1.0000390519039524,1.0,-0.17340942162035944
8cd40bc35a7a3074d39b4cc0d23a07850fbc49af,com.adobe.cq.wcm.core.components.extension.contentfragment.internal.servlets,10.0,12.0,133.0,386.0028125,1.0,2.0,0.9344724409448819,0.0,0.0,0.0,2.0,0.0,0.0,0.0,0.0,1.0,945.5,53.5,1.000037551927229,1.0,-0.10223842011242121
8cd40bc35a7a3074d39b4cc0d23a07850fbc49af,com.adobe.cq.wcm.core.components.extension.contentfragment.models,6.5,6.5,168.0,386.0028125,1.0,2.0,0.9567629179331307,1.0,0.0,0.0,2.0,0.0,0.0,0.0,0.0,1.0,944.5,52.5,1.0000380556668587,1.0,-0.06421019073255455
8cd40bc35a7a3074d39b4cc0d23a07850fbc49af,com.adobe.cq.wcm.core.components.internal,5.0,6.0,95.0,262.1509375,11.0,4.0,0.6435643564356436,2.0,0.0,0.0,4.0,0.0,0.0,0.0,0.0,1.0,857.0,170.0,1.0037870574419032,1.0,-0.06213421228352785
8cd40bc35a7a3074d39b4cc0d23a07850fbc49af,com.adobe.cq.wcm.core.components.internal.form,1.0,1.0,137.0,428.7231597222223,8.0,4.0,0.9461077844311376,1.0,0.0,0.0,4.0,0.0,0.0,0.0,0.0,1.0,912.0,225.0,1.0000605916824925,1.0,-0.015403025363587291
8cd40bc35a7a3074d39b4cc0d23a07850fbc49af,com.adobe.cq.wcm.core.components.internal.jackson,0.0,1.0,52.5,520.8558912037037,5.0,2.0,1.0,1.0,0.0,0.0,2.0,0.0,0.0,0.0,0.0,1.0,913.5,226.5,1.0000578660991888,1.0,-0.008536237222695147
8cd40bc35a7a3074d39b4cc0d23a07850fbc49af,com.adobe.cq.wcm.core.components.internal.models,6.0,7.0,107.0,428.7231597222223,8.0,2.0,0.9469026548672568,0.0,0.0,0.0,2.0,0.0,0.0,0.0,0.0,1.0,915.0,228.0,1.0000556348342284,1.0,-0.0708160619118698
8cd40bc35a7a3074d39b4cc0d23a07850fbc49af,com.adobe.cq.wcm.core.components.internal.models.v1,3.0,3.0,143.0,252.76303240740742,11.0,3.0,0.9528301886792452,2.0,0.0,0.0,3.0,0.0,0.0,0.0,0.0,1.0,871.0,184.0,1.0002672411088536,1.0,-0.03827103351619848
8cd40bc35a7a3074d39b4cc0d23a07850fbc49af,com.adobe.cq.wcm.core.components.internal.models.v1.form,2.0,6.0,162.0,386.9417824074074,8.0,4.0,0.9506172839506172,3.0,0.0,0.0,4.0,0.0,0.0,0.0,0.0,1.0,878.0,191.0,1.0001871307481498,1.0,-0.06213421228352785
8cd40bc35a7a3074d39b4cc0d23a07850fbc49af,com.adobe.cq.wcm.core.components.internal.models.v2,3.0,5.0,196.0,170.02501157407409,12.0,5.0,0.7303921568627451,2.0,60.0,14.0,5.0,14.0,0.5882352941176471,0.13725490196078433,0.13725490196078433,1.0,881.0,194.0,1.0001670410955334,1.0,-0.05301200728056616
8cd40bc35a7a3074d39b4cc0d23a07850fbc49af,com.adobe.cq.wcm.core.components.internal.resource,3.5,6.0,94.5,427.7511631944444,8.0,2.5,0.9571953781512603,1.5,0.0,0.0,2.5,0.0,0.0,0.0,0.0,1.0,904.5,217.5,1.0001019324947664,1.0,-0.05532271523419553
8cd40bc35a7a3074d39b4cc0d23a07850fbc49af,com.adobe.cq.wcm.core.components.internal.servlets,4.0,5.0,113.0,377.79138888888883,9.0,3.0,0.9649122807017544,2.0,0.0,0.0,3.0,0.0,0.0,0.0,0.0,1.0,928.0,241.0,1.000047499947078,1.0,-0.0576334231878249
8cd40bc35a7a3074d39b4cc0d23a07850fbc49af,com.adobe.cq.wcm.core.components.models,2.5,3.0,94.0,320.2647858796297,10.0,4.0,0.7487291212781408,1.0,0.0,0.0,4.0,0.0,0.0,0.0,0.0,1.0,898.5,211.5,1.0000850625455864,1.0,-0.032990334298419965
8cd40bc35a7a3074d39b4cc0d23a07850fbc49af,com.adobe.cq.wcm.core.components.models.form,2.0,3.0,103.0,428.7231597222223,8.0,4.0,0.4367088607594937,0.0,0.0,0.0,4.0,0.0,0.0,0.0,0.0,1.0,907.0,220.0,1.0000689476819815,1.0,-0.032990334298419965
8cd40bc35a7a3074d39b4cc0d23a07850fbc49af,com.adobe.cq.wcm.core.components.testing,7.0,2.0,76.0,428.7231597222223,5.0,2.0,0.9743589743589745,1.0,0.0,0.0,2.0,0.0,0.0,0.0,0.0,1.0,956.0,115.0,1.0000330447657857,1.0,-0.07501402486664152
8d464c79a6bf8d21424a64fbb8bfaeb4c8b93e36,com.adobe.cq.wcm.core.components.internal.servlets.embed,16.0,9.0,92.0,159.90241898148147,17.0,2.0,0.8446601941747572,0.0,51.0,4.0,2.0,4.0,17.0,1.3333333333333333,1.3333333333333333,1.0,1946.0,501.0,1.0031269070423374,1.0,-0.40784367551885503
8d473e17f2510d82a25284de5b61cc10f20352a5,com.adobe.cq.wcm.core.components.internal.services.embed,38.0,7.0,144.0,131.99851851851852,17.0,2.0,0.7912087912087912,0.0,0.0,0.0,2.0,0.0,0.0,0.0,0.0,1.0,623.0,104.0,1.0075758426020494,1.0,0.0
8dff08c8c1521df0641e3f35ecf8790f5a1603bb,com.adobe.cq.wcm.core.components.context,1.0,1.0,71.0,1.943993055555556,8.0,6.0,0.8163265306122449,2.0,416.0,333.0,6.0,333.0,13.0,10.40625,10.40625,1.0,531.0,106.0,1.001956152922798,1.0,-0.03311465600002311
8dff08c8c1521df0641e3f35ecf8790f5a1603bb,com.adobe.cq.wcm.core.components.internal,1.0,1.0,65.0,94.07672453703705,5.0,2.0,0.9848484848484848,1.0,156.0,121.0,2.0,121.0,4.875,3.78125,3.78125,1.0,507.0,82.0,1.010414419149031,1.0,-0.03311465600002311
8dff08c8c1521df0641e3f35ecf8790f5a1603bb,com.adobe.cq.wcm.core.components.internal.form,1.0,1.0,172.0,1.943993055555556,8.0,4.0,0.9507389162561576,3.0,372.0,252.0,4.0,252.0,11.625,7.875,7.875,1.0,508.0,83.0,1.010207757399413,1.0,-0.03311465600002311
8dff08c8c1521df0641e3f35ecf8790f5a1603bb,com.adobe.cq.wcm.core.components.internal.models.v1,1.0,1.0,234.0,1.943993055555556,8.0,3.0,0.9898305084745764,2.0,372.0,259.0,3.0,259.0,11.625,8.09375,8.09375,1.0,513.0,88.0,1.0092863723775134,1.0,-0.03311465600002311
8dff08c8c1521df0641e3f35ecf8790f5a1603bb,com.adobe.cq.wcm.core.components.internal.models.v1.form,1.0,1.0,227.0,1.943993055555556,8.0,3.0,0.9703389830508474,2.0,372.0,272.0,3.0,272.0,11.625,8.5,8.5,1.0,519.0,94.0,1.0083788139362175,1.0,-0.03311465600002311
8dff08c8c1521df0641e3f35ecf8790f5a1603bb,com.adobe.cq.wcm.core.components.internal.models.v2,1.5,7.5,135.0,1.943993055555556,8.0,2.0,0.9885365853658536,1.0,216.0,147.5,2.0,147.5,6.75,4.609375,4.609375,1.0,521.5,96.5,1.0080514642818401,1.0,-0.09870148659129899
8dff08c8c1521df0641e3f35ecf8790f5a1603bb,com.adobe.cq.wcm.core.components.internal.resource,1.0,1.0,80.0,1.943993055555556,8.0,2.0,0.9876543209876544,1.0,216.0,149.0,2.0,149.0,6.75,4.65625,4.65625,1.0,523.0,98.0,1.0078662977033142,1.0,-0.03311465600002311
8dff08c8c1521df0641e3f35ecf8790f5a1603bb,com.adobe.cq.wcm.core.components.internal.servlets,1.0,1.0,135.0,1.943993055555556,8.0,4.0,0.9607843137254902,1.0,216.0,151.0,4.0,151.0,6.75,4.71875,4.71875,1.0,527.0,102.0,1.003133165404371,1.0,-0.03311465600002311
8dff08c8c1521df0641e3f35ecf8790f5a1603bb,com.adobe.cq.wcm.core.components.models.form,1.0,1.0,98.0,94.07672453703705,5.0,3.0,0.6851851851851852,1.0,168.0,134.0,3.0,134.0,5.25,4.1875,4.1875,1.0,530.0,105.0,1.0019636200745152,1.0,-0.03311465600002311
8dff08c8c1521df0641e3f35ecf8790f5a1603bb,com.adobe.cq.wcm.core.components.testing,1.0,1.0,70.0,1.943993055555556,8.0,3.5,0.7814174589455488,1.5,384.0,292.0,3.5,292.0,12.0,9.125,9.125,1.0,536.5,8.5,1.001916084583645,1.0,-0.03311465600002311
8e3117b225b72107534a524c0afb639bee679f92,com.adobe.cq.wcm.core.components.internal.servlets.contentfragment,1.0,1.0,127.0,25.985532407407412,17.0,3.0,0.9844961240310076,1.0,0.0,0.0,3.0,0.0,0.0,0.0,0.0,1.0,1929.0,496.0,1.0384829521412824,1.0,0.0
8eda9dc2f0ab98447870f408fa9da773f68f47f3,com.adobe.cq.wcm.core.components.internal.models.v1,2.0,2.0,365.0,9.053414351851853,14.0,16.0,0.5869120654396728,5.0,0.0,0.0,16.0,0.0,0.0,0.0,0.0,1.0,1409.0,82.0,1.110455565285759,1.0,-0.3899750004807708
8fe47df3e6313cbaa66e8ae5747f639cb99b7100,com.adobe.cq.wcm.core.components.internal.models.v1,31.5,0.5,108.0,92.67401620370372,9.5,4.0,0.7403142834177316,1.5,67.0,18.0,4.0,18.0,4.785714285714286,1.2857142857142856,1.2857142857142856,1.0,1.5,0.7472873707993685,1.0027677204986702,1.0,-0.4433151086247401
8fe47df3e6313cbaa66e8ae5747f639cb99b7100,com.adobe.cq.wcm.core.components.models,27.0,0.0,70.0,175.96012731481483,8.0,4.0,0.4653465346534654,0.0,67.0,18.0,4.0,18.0,4.785714285714286,1.2857142857142858,1.2857142857142858,1.0,1.0,1.0,1.0053952555471533,1.0,-0.4502965789818275
8ff002c0b193d411c37fbf5e8c60c0b621a82e48,apps.core.wcm.components.image.v1,103.0,0.0,0.0,0.0,1.0,0.0,1.0,0.0,0.0,0.0,1.0,0.0,0.0,0.0,0.0,1.0,13.0,13.0,1.0717634199256452,1.0,-0.4104506163732065
90a672a0b01b74ebb263bfbe233af7d4aa1dd5ca,com.adobe.cq.wcm.core.components.internal.servlets.contentfragment,4.0,0.0,117.0,90.32443287037034,17.0,5.0,0.9523809523809524,3.0,0.0,0.0,5.0,0.0,0.0,0.0,0.0,1.0,1.0,0.0,,,
922ed77489a3742901139e68f26277ba2b8f30d8,com.adobe.cq.wcm.core.components.models,1.0,1.0,20.0,38.2716087962963,3.0,2.0,1.0,0.0,12.0,41.0,2.0,41.0,3.0,10.25,10.25,1.0,599.0,95.0,1.0129220144463336,1.0,-0.3522138890491458
922ed77489a3742901139e68f26277ba2b8f30d8,com.adobe.cq.wcm.core.components.models.form,1.0,1.0,20.0,38.2716087962963,3.0,2.0,1.0,0.0,12.0,40.0,2.0,40.0,3.0,10.0,10.0,1.0,598.0,94.0,1.0255651783333928,1.0,-0.3522138890491458
940cf7b37e8a588f1d171fe4fe16b43cf4e8d10c,com.adobe.cq.wcm.core.components.internal,30.0,0.0,65.0,164.62822916666667,8.0,3.0,0.6770833333333334,1.0,19.0,46.0,3.0,46.0,0.35185185185185186,0.8518518518518519,0.8518518518518519,1.0,129.0,15.0,1.0052370425475157,1.0,-0.06122543610271924
940cf7b37e8a588f1d171fe4fe16b43cf4e8d10c,com.adobe.cq.wcm.core.components.internal.models.v1,152.5,0.0,13.5,61.84083912037037,4.5,2.0,0.9562043795620438,0.5,34.5,47.5,2.5,47.5,0.6388888888888888,0.8796296296296297,0.8796296296296297,1.0,131.5,17.5,1.0026324533236965,1.0,-0.18322777079285613
940cf7b37e8a588f1d171fe4fe16b43cf4e8d10c,com.adobe.cq.wcm.core.components.models,109.5,0.5,20.0,49.36277199074074,5.0,3.0,0.6953125,1.0,37.0,47.5,3.5,47.5,0.6851851851851852,0.8796296296296297,0.8796296296296297,1.0,133.5,19.5,1.0019083582396162,1.0,-0.13198076168961972
94a37408ba9f606f29acbed50f7931cb3671360a,com.adobe.cq.wcm.core.components.internal.servlets,3.0,11.0,571.0,0.9301157407407408,3.0,6.0,0.6776119402985075,0.0,12.0,16.0,6.0,16.0,12.0,16.0,16.0,1.0,396.0,28.0,2.0751350140613716,1.0,-0.435952107651814
94a37408ba9f606f29acbed50f7931cb3671360a,com.adobe.cq.wcm.core.components.models.impl.v1,5.0,4.0,245.0,0.9301157407407408,3.0,5.0,0.8540145985401459,0.0,12.0,24.0,5.0,24.0,12.0,24.0,24.0,1.0,397.0,29.0,1.5375675070306862,1.0,-0.5296840257187958
95121410fd15ec222f43c64b74c736e283f26b67,com.adobe.cq.wcm.core.components.internal.servlets,8.0,4.5,200.5,65.4671412037037,9.0,2.5,0.956060606060606,1.0,9.0,2.0,2.5,2.0,9.0,2.0,2.0,1.0,125.5,12.5,1.0117365197884747,1.0,-0.45219072886224704
95be76c3b858e983ca1df7be9a7ee764b3cded39,com.adobe.cq.wcm.core.components,31.0,0.0,0.0,0.0,1.0,0.0,1.0,0.0,0.0,0.0,1.0,0.0,0.0,0.0,0.0,1.0,9.0,8.0,0.0,1.0,-0.042884521633354364
95be76c3b858e983ca1df7be9a7ee764b3cded39,com.adobe.cq.wcm.core.components.context,61.0,0.0,0.0,0.0,1.0,0.0,1.0,0.0,0.0,0.0,1.0,0.0,0.0,0.0,0.0,1.0,10.0,9.0,0.0,1.0,-0.07330718868169378
95be76c3b858e983ca1df7be9a7ee764b3cded39,com.adobe.cq.wcm.core.components.extension.contentfragment.internal.models.v1,671.5,0.0,0.0,0.0,1.0,0.0,1.0,0.0,0.0,0.0,1.0,0.0,0.0,0.0,0.0,1.0,6.5,5.5,0.0,1.0,-0.3683762026197078
95be76c3b858e983ca1df7be9a7ee764b3cded39,com.adobe.cq.wcm.core.components.extension.contentfragment.internal.servlets,133.0,0.0,0.0,0.0,1.0,0.0,1.0,0.0,0.0,0.0,1.0,0.0,0.0,0.0,0.0,1.0,9.0,8.0,0.0,1.0,-0.13200196204705994
95be76c3b858e983ca1df7be9a7ee764b3cded39,com.adobe.cq.wcm.core.components.extension.contentfragment.models,168.0,0.0,0.0,0.0,1.0,0.0,1.0,0.0,0.0,0.0,1.0,0.0,0.0,0.0,0.0,1.0,7.5,6.5,0.0,1.0,-0.13478284534116952
971ed3d87b8d691cd3ba1466299eb1b868a97d2c,com.adobe.cq.wcm.core.components.internal.models.v1,273.5,0.0,0.0,0.0,1.0,0.0,1.0,0.0,0.0,0.0,1.0,0.0,0.0,0.0,0.0,1.0,970.0,255.0,1.0199817092526713,1.0,-0.35184463263911625
971ed3d87b8d691cd3ba1466299eb1b868a97d2c,com.adobe.cq.wcm.core.components.internal.servlets,152.0,0.0,0.0,0.0,1.0,0.0,1.0,0.0,0.0,0.0,1.0,0.0,0.0,0.0,0.0,1.0,971.0,256.0,1.0199817092526713,1.0,-0.24648384478629742
971ed3d87b8d691cd3ba1466299eb1b868a97d2c,com.adobe.cq.wcm.core.components.models,97.0,0.5,20.0,43.951059027777774,7.5,5.5,0.681159420289855,2.0,0.0,0.0,6.0,0.0,0.0,0.0,0.0,1.0,970.5,255.5,1.0199817092526713,1.0,-0.14896015392111867
988efeabc8949022cab4b46a3a2b92d67b54a251,apps.core.wcm.components.page.v1,75.0,0.0,0.0,0.0,1.0,0.0,1.0,0.0,0.0,0.0,1.0,0.0,0.0,0.0,0.0,1.0,278.5,44.5,0.0,1.0,-0.16993317493879653
9b117ee6efb7ef605a7a03c95e73e56e681049d7,apps.core.wcm.components.page.v1,2.0,2.0,73.0,25.71912037037037,1.0,3.0,0.9736842105263158,1.0,0.0,0.0,3.0,0.0,0.0,0.0,0.0,1.0,1.0,0.0,,,
9cb5ffb1335777c482ca0b66db762f6fe41f734d,com.adobe.cq.wcm.core.components.internal.models.v1,9.0,8.0,269.5,0.0022337962962962962,9.0,5.5,0.6898758278145696,2.0,188.5,60.5,5.5,60.5,11.78125,3.78125,3.78125,1.0,645.0,119.0,299.44559585492226,1.0,-0.4261076436154499
9cb5ffb1335777c482ca0b66db762f6fe41f734d,com.adobe.cq.wcm.core.components.internal.models.v2,3.5,3.5,139.5,0.0022337962962962962,9.0,3.5,0.9014925373134328,1.5,115.5,37.0,3.5,37.0,7.21875,2.3125,2.3125,1.0,646.0,120.0,168.87564766839375,1.0,-0.25802552643334253
9cd7e131283817a616ce938d4016d29873d6691b,com.adobe.cq.wcm.core.components.it.http,95.0,0.0,0.0,0.0,1.0,0.0,1.0,0.0,0.0,0.0,1.0,0.0,0.0,0.0,0.0,1.0,352.0,96.0,0.0,1.0,-0.4070244215511195
9ed6627c89a22e68570040efdc8250f3b4291732,com.adobe.cq.wcm.core.components.internal.servlets,87.5,66.0,152.5,12.872453703703707,17.0,4.0,0.9894959135538369,1.0,51.0,8.0,4.0,8.0,25.5,4.0,4.0,1.0,1895.5,468.5,1.0582639500800228,1.0,-0.4931987326126524
9ee5102963e8b5b39e4aef34f2636a001c5d514b,com.adobe.cq.wcm.core.components.commons.editor.dialog.childreneditor,1.0,1.0,97.0,36.71052083333333,18.0,5.0,0.8952380952380953,3.0,158.0,123.0,5.0,123.0,13.166666666666664,10.25,10.25,1.0,2732.0,228.0,1.0062451539520805,1.0,-0.2551094393797984
9ee5102963e8b5b39e4aef34f2636a001c5d514b,com.adobe.cq.wcm.core.components.internal.services.embed,1.0,1.0,201.0,36.71052083333333,18.0,3.0,0.9754901960784312,1.0,124.0,149.0,3.0,149.0,10.333333333333334,12.416666666666664,12.416666666666664,1.0,2733.0,229.0,1.005080405651575,1.0,-0.2551094393797984
9ee5102963e8b5b39e4aef34f2636a001c5d514b,com.adobe.cq.wcm.core.components.internal.servlets,2.0,2.0,785.0,36.71052083333333,18.0,30.0,0.44137101623571856,8.0,245.0,200.0,30.0,200.0,20.416666666666668,16.666666666666668,16.666666666666668,1.0,2734.0,230.0,1.0042818264467703,1.0,-0.38118662069508064
9ee5102963e8b5b39e4aef34f2636a001c5d514b,com.adobe.cq.wcm.core.components.internal.servlets.embed,1.0,1.0,111.0,36.71052083333333,18.0,3.0,0.9734513274336284,1.0,124.0,152.0,3.0,152.0,10.333333333333334,12.666666666666664,12.666666666666664,1.0,2735.0,231.0,1.0037001992368852,1.0,-0.2551094393797984
a17f5e1e6e77717cbcdc870bf939bbc10415e85f,com.adobe.cq.wcm.core.components.internal.models.v1,7.5,0.5,294.0,144.6722511574074,8.0,2.5,0.976740972733972,1.5,16.0,4.0,2.5,4.0,8.0,2.0,2.0,1.0,26.5,0.5,1.0052075088472567,1.0,-0.3865189041513475
a1b0d682db3fa06c222a62d72dd265dd8990d9d8,com.adobe.cq.wcm.core.components,1.0,1.0,31.0,1.9044097222222225,17.0,3.0,0.9696969696969696,1.0,374.0,180.0,3.0,180.0,13.851851851851851,6.666666666666668,6.666666666666668,1.0,99.0,28.0,1.1284164497905058,1.0,-0.0063141480709277276
a1b0d682db3fa06c222a62d72dd265dd8990d9d8,com.adobe.cq.wcm.core.components.internal,283.5,0.0,0.0,0.0,1.0,0.0,1.0,0.0,0.0,0.0,1.0,0.0,0.0,0.0,0.0,1.0,97.0,26.0,1.3052957977237907,1.0,-0.2982953289063104
a1b0d682db3fa06c222a62d72dd265dd8990d9d8,com.adobe.cq.wcm.core.components.internal.models.v1.contentfragment,118.0,0.0,0.0,0.0,1.0,0.0,1.0,0.0,0.0,0.0,1.0,0.0,0.0,0.0,0.0,1.0,102.0,31.0,1.1031824131309174,1.0,-0.3084910263991546
a1b0d682db3fa06c222a62d72dd265dd8990d9d8,com.adobe.cq.wcm.core.components.internal.servlets.contentfragment,1.0,1.0,132.0,2.073935185185185,17.0,2.0,1.0,0.0,238.0,165.5,2.0,165.5,8.814814814814815,6.12962962962963,6.12962962962963,1.0,106.5,35.5,1.0786257158787467,1.0,-0.0063141480709277276
a1b0d682db3fa06c222a62d72dd265dd8990d9d8,com.adobe.cq.wcm.core.components.models.contentfragment,157.0,111.5,161.0,0.9522048611111112,9.0,1.5,0.9985465116279071,0.5,187.0,89.0,2.0,89.0,6.925925925925926,3.2962962962962963,3.2962962962962963,1.0,97.5,26.5,1.1699883919963798,1.0,-0.288809466972906
a37713a7e8236a7c7c2c9d10cda862144f04cc66,apps.core.wcm.components.image.v1,0.0,103.0,103.0,346.9174074074074,2.0,3.0,0.9903846153846154,2.0,0.0,0.0,3.0,0.0,0.0,0.0,0.0,1.0,319.0,28.0,1.000073141680189,1.0,-0.027435253407752228
a37713a7e8236a7c7c2c9d10cda862144f04cc66,apps.core.wcm.components.list.v1,0.0,213.0,213.0,396.7921527777778,1.0,4.0,1.0,1.0,0.0,0.0,4.0,0.0,0.0,0.0,0.0,1.0,352.0,31.0,1.0000361079752131,1.0,-0.04950764844064759
a37713a7e8236a7c7c2c9d10cda862144f04cc66,apps.core.wcm.components.page.v1,0.0,76.0,76.0,422.64541666666673,1.0,3.0,1.0,1.0,0.0,0.0,3.0,0.0,0.0,0.0,0.0,1.0,398.0,44.0,1.000021386455271,1.0,-0.02132245820398006
a37713a7e8236a7c7c2c9d10cda862144f04cc66,apps.core.wcm.components.text.v1,0.0,97.0,97.0,422.64541666666673,1.0,5.0,1.0,1.0,0.0,0.0,5.0,0.0,0.0,0.0,0.0,1.0,503.0,21.0,1.0000168573015258,1.0,-0.026108966170651303
a37713a7e8236a7c7c2c9d10cda862144f04cc66,apps.core.wcm.components.title.v1,0.0,132.0,132.0,422.64541666666673,1.0,3.0,1.0,1.0,0.0,0.0,3.0,0.0,0.0,0.0,0.0,1.0,525.0,20.0,1.000014574455698,1.0,-0.033630480475268905
a37713a7e8236a7c7c2c9d10cda862144f04cc66,com.adobe.cq.wcm.core.components.commons,0.0,42.0,42.0,436.93648148148145,1.0,3.0,1.0,1.0,0.0,0.0,3.0,0.0,0.0,0.0,0.0,1.0,95.0,2.0,1.0004901725926632,1.0,-0.012946730085361444
a37713a7e8236a7c7c2c9d10cda862144f04cc66,com.adobe.cq.wcm.core.components.commons.form.impl,194.0,0.0,0.0,0.0,1.0,0.0,1.0,0.0,0.0,0.0,1.0,0.0,0.0,0.0,0.0,1.0,6.0,1.0,1.0051535104920164,1.0,-0.04593798931398162
a37713a7e8236a7c7c2c9d10cda862144f04cc66,com.adobe.cq.wcm.core.components.commons.form.internal,44.0,0.0,0.0,0.0,1.0,0.0,1.0,0.0,0.0,0.0,1.0,0.0,0.0,0.0,0.0,1.0,7.0,2.0,1.0051535104920164,1.0,-0.013467649153364406
a37713a7e8236a7c7c2c9d10cda862144f04cc66,com.adobe.cq.wcm.core.components.commons.jackson.impl,52.0,0.0,0.0,0.0,1.0,0.0,1.0,0.0,0.0,0.0,1.0,0.0,0.0,0.0,0.0,1.0,8.5,3.5,1.0051535104920164,1.0,-0.015421518367857042
a37713a7e8236a7c7c2c9d10cda862144f04cc66,com.adobe.cq.wcm.core.components.context,69.0,0.0,0.0,0.0,1.0,0.0,1.0,0.0,0.0,0.0,1.0,0.0,0.0,0.0,0.0,1.0,48.5,43.5,1.0051535104920164,1.0,-0.019669578145513306
a37713a7e8236a7c7c2c9d10cda862144f04cc66,com.adobe.cq.wcm.core.components.internal,35.0,0.0,0.0,0.0,1.0,0.0,1.0,0.0,0.0,0.0,1.0,0.0,0.0,0.0,0.0,1.0,10.0,5.0,1.0051535104920164,1.0,-0.011086954304296829
a37713a7e8236a7c7c2c9d10cda862144f04cc66,com.adobe.cq.wcm.core.components.internal.servlets,93.0,0.0,0.0,0.0,1.0,0.0,1.0,0.0,0.0,0.0,1.0,0.0,0.0,0.0,0.0,1.0,15.5,10.5,1.0051535104920164,1.0,-0.02521495597579563
a37713a7e8236a7c7c2c9d10cda862144f04cc66,com.adobe.cq.wcm.core.components.models,51.0,0.0,0.0,0.0,1.0,0.0,1.0,0.0,0.0,0.0,1.0,0.0,0.0,0.0,0.0,1.0,21.0,16.0,1.0051535104920164,1.0,-0.01525859562402921
a37713a7e8236a7c7c2c9d10cda862144f04cc66,com.adobe.cq.wcm.core.components.models.form,64.0,0.0,0.0,0.0,1.0,0.0,1.0,0.0,0.0,0.0,1.0,0.0,0.0,0.0,0.0,1.0,28.0,23.0,1.0051535104920164,1.0,-0.018469394082175995
a37713a7e8236a7c7c2c9d10cda862144f04cc66,com.adobe.cq.wcm.core.components.models.form.impl.v1,105.0,0.0,0.0,0.0,1.0,0.0,1.0,0.0,0.0,0.0,1.0,0.0,0.0,0.0,0.0,1.0,34.5,29.5,1.0051535104920164,1.0,-0.027868111490082913
a37713a7e8236a7c7c2c9d10cda862144f04cc66,com.adobe.cq.wcm.core.components.models.impl.v1,120.0,0.0,0.0,0.0,1.0,0.0,1.0,0.0,0.0,0.0,1.0,0.0,0.0,0.0,0.0,1.0,46.0,41.0,1.0051535104920164,1.0,-0.03110729662216162
a37713a7e8236a7c7c2c9d10cda862144f04cc66,com.adobe.cq.wcm.core.components.testing,48.5,0.0,0.0,0.0,1.0,0.0,1.0,0.0,0.0,0.0,1.0,0.0,0.0,0.0,0.0,1.0,478.5,71.5,1.000020023003511,1.0,-0.018445982264568322
a48667e286366d6268f37ed550ed4145a4ec47cc,com.adobe.cq.wcm.core.components.internal.models.v1,4.0,0.0,314.0,1.8231134259259256,12.0,13.0,0.658256880733945,5.0,0.0,0.0,13.0,0.0,0.0,0.0,0.0,1.0,163.0,30.0,1.5485122240774012,1.0,0.0
a785ca3013b1e59314d9678c00699ef0c4bba305,com.adobe.cq.wcm.core.components.models,1.0,1.0,40.0,16.92010416666667,14.0,10.0,0.36764705882352944,4.0,0.0,0.0,10.0,0.0,0.0,0.0,0.0,1.0,959.0,251.0,1.0591012909938249,1.0,0.0
a99e7df2e84c27606886b59ca28c8547413002f7,com.adobe.cq.wcm.core.components.internal.models.v1,18.0,1.0,284.0,-8.191898148148146,17.0,6.5,0.8369025778033294,3.5,34.0,12.0,6.5,12.0,17.0,6.0,6.0,1.0,1.0,0.23583958321314064,0.9389640848851338,1.0,-0.5099506412419493
adc05a7628eb3421e164515a65d7312dedb803e4,com.adobe.cq.wcm.core.components.models,3.0,5.0,193.0,-5.886076388888888,17.0,2.0,0.9846938775510204,1.0,170.0,14.0,2.0,14.0,15.454545454545455,1.2727272727272727,1.2727272727272727,1.0,2147.0,95.0,0.8301075395678361,1.0,-0.15845557144066208
b85a40f987f72671bbfdff11ce75699e35f1deed,com.adobe.cq.wcm.core.components.internal.models.v1,9.0,0.0,68.0,144.16996527777778,16.0,5.0,0.8705882352941177,1.0,0.0,0.0,5.0,0.0,0.0,0.0,0.0,1.0,3.0,1.0,1.0048946771971718,1.0,-0.21065628409629905
b85a40f987f72671bbfdff11ce75699e35f1deed,com.adobe.cq.wcm.core.components.models,10.0,0.0,59.5,208.53986689814815,14.5,3.0,0.7419316280181688,0.5,0.0,0.0,3.0,0.0,0.0,0.0,0.0,1.0,6.5,4.5,1.0009941032553331,1.0,-0.2259340302139184
ba6989781a0bc9298dc0391405f6e2f7b0bb6eb7,com.adobe.cq.wcm.core.components.internal.models.v1,39.0,0.0,27.0,42.83993055555555,8.0,2.0,0.5909090909090909,0.0,0.0,0.0,2.0,0.0,0.0,0.0,0.0,1.0,50.0,1.0,1.0233427082404625,1.0,0.0
be656c09ea43ea80b37e0727399aa48de3e43c8a,com.adobe.cq.wcm.core.components.commons.form.impl,156.0,0.0,0.0,0.0,1.0,0.0,1.0,0.0,0.0,0.0,1.0,0.0,0.0,0.0,0.0,1.0,427.0,47.0,1.0015566781655456,1.0,-0.19675130463607246
be656c09ea43ea80b37e0727399aa48de3e43c8a,com.adobe.cq.wcm.core.components.commons.form.internal,36.0,0.5,22.0,28.16769675925926,2.0,1.0,0.9313725490196079,0.0,36.0,41.0,1.5,41.0,0.8181818181818182,0.9318181818181818,0.9318181818181818,1.0,420.5,40.5,1.013040159605484,1.0,-0.06226181756449272
be656c09ea43ea80b37e0727399aa48de3e43c8a,com.adobe.cq.wcm.core.components.commons.jackson.impl,48.0,0.0,0.0,0.0,1.0,0.0,1.0,0.0,0.0,0.0,1.0,0.0,0.0,0.0,0.0,1.0,429.0,49.0,1.0015566781655456,1.0,-0.08329990771418475
be656c09ea43ea80b37e0727399aa48de3e43c8a,com.adobe.cq.wcm.core.components.context,43.5,0.0,0.0,0.0,1.0,0.0,1.0,0.0,0.0,0.0,1.0,0.0,0.0,0.0,0.0,1.0,432.5,52.5,1.001431170157187,1.0,-0.07707304411141205
be656c09ea43ea80b37e0727399aa48de3e43c8a,com.adobe.cq.wcm.core.components.internal,65.0,0.0,0.0,0.0,1.0,0.0,1.0,0.0,0.0,0.0,1.0,0.0,0.0,0.0,0.0,1.0,435.0,55.0,1.001431170157187,1.0,-0.10487352966804094
be656c09ea43ea80b37e0727399aa48de3e43c8a,com.adobe.cq.wcm.core.components.internal.servlets,9.0,1.0,95.0,19.94912037037037,3.0,2.0,0.9914033956587147,0.5,72.0,85.5,2.0,85.5,1.6363636363636365,1.943181818181818,1.943181818181818,1.0,418.5,38.5,1.004431107932426,1.0,-0.033573316180417846
be656c09ea43ea80b37e0727399aa48de3e43c8a,com.adobe.cq.wcm.core.components.models.form.impl.v1,61.0,1.0,90.0,56.33539351851852,3.0,2.0,1.0,0.0,72.0,88.0,2.0,88.0,1.6363636363636365,2.0,2.0,1.0,439.0,59.0,1.0013538629942047,1.0,-0.09997846306570964
be656c09ea43ea80b37e0727399aa48de3e43c8a,com.adobe.cq.wcm.core.components.models.impl.v1,15.0,2.0,209.0,47.073692129629634,3.0,2.0,0.9342105263157896,0.0,72.0,98.0,2.0,98.0,1.6363636363636365,2.227272727272727,2.227272727272727,1.0,444.0,64.0,1.001174676838788,1.0,-0.053106065618804384
bef5a18fbb1ea1958d2936821ed157e63f68bbe3,com.adobe.cq.wcm.core.components.internal.models.v1,21.0,1.0,298.0,87.94646412037036,6.5,3.0,0.9044711599141739,1.5,6.5,2.5,3.0,2.5,6.5,2.5,2.5,1.0,51.5,2.5,1.015065156170362,1.0,-0.3160651390609853
c1165e3a718665755502c01b166216c085a529c8,com.adobe.cq.wcm.core.components.text,0.0,78.5,78.5,27.814392361111118,1.0,2.5,1.0,0.0,20.0,26.0,2.5,26.0,0.5,0.65,0.65,1.0,44.5,32.5,1.015211901434041,1.0,-0.2015103541647275
c15f3a23025322f4b2783da6c257c4e79abb22c9,com.adobe.cq.wcm.core.components.internal.servlets,12.0,2.0,100.0,14.037152777777774,17.0,2.0,0.9161290322580644,0.0,17.0,1.0,2.0,1.0,8.5,0.5,0.5,1.0,1030.0,271.0,1.0015822295984724,1.0,-0.5262643357640807
c291c3796f7f61c74141e568ec9849b1ba4bafaf,com.adobe.cq.wcm.core.components.internal.models.v1,3.0,0.0,407.0,26.132372685185185,17.0,7.0,0.9574468085106383,5.0,0.0,0.0,7.0,0.0,0.0,0.0,0.0,1.0,2641.0,210.0,1.038266712787504,1.0,0.0
c2b969a2a3e5262fff696ccbbc3df9a6ed98edcb,com.adobe.cq.wcm.core.components.internal.models.v2,17.0,0.5,152.0,102.51292824074075,10.5,4.0,0.7625709219858157,1.0,0.0,0.0,4.0,0.0,0.0,0.0,0.0,1.0,104.5,18.5,1.0040407844028554,1.0,-0.15477742456999993
c2b969a2a3e5262fff696ccbbc3df9a6ed98edcb,com.adobe.cq.wcm.core.components.internal.servlets,139.0,0.0,0.0,0.0,1.0,0.0,1.0,0.0,0.0,0.0,1.0,0.0,0.0,0.0,0.0,1.0,105.5,19.5,1.0040407844028554,1.0,-0.5114442276485563
c2b969a2a3e5262fff696ccbbc3df9a6ed98edcb,com.adobe.cq.wcm.core.components.models,30.0,3.0,323.0,181.9117013888889,10.0,5.0,0.4947089947089947,1.0,0.0,0.0,5.0,0.0,0.0,0.0,0.0,1.0,105.0,19.0,1.0027485862436694,1.0,-0.2584850264203851
c69fdc63fc0f2fb122d65eb4091d9bef872e09fb,com.adobe.cq.wcm.core.components,1.0,1.0,31.0,166.1372685185185,16.0,4.0,0.9375,2.0,1430.0,624.0,4.0,624.0,1.7166866746698681,0.7490996398559424,0.7490996398559424,1.0,1179.0,387.0,1.0000381086005363,1.0,-0.0043675896413856025
c69fdc63fc0f2fb122d65eb4091d9bef872e09fb,com.adobe.cq.wcm.core.components.commons.editor.dialog.childreneditor,1.0,1.0,120.5,317.21865740740736,13.0,2.0,0.9600438421681945,1.0,0.0,0.0,2.0,0.0,0.0,0.0,0.0,1.0,1067.5,275.5,1.0006563515063196,1.0,-0.0043675896413856025
c69fdc63fc0f2fb122d65eb4091d9bef872e09fb,com.adobe.cq.wcm.core.components.context,22.5,31.0,64.0,164.00656828703703,16.5,6.0,0.9287296037296037,2.5,1081.5,488.0,6.0,488.0,1.2983193277310925,0.5858343337334934,0.5858343337334934,1.0,1182.5,390.5,1.0000370798295823,1.0,-0.06791560473735324
c69fdc63fc0f2fb122d65eb4091d9bef872e09fb,com.adobe.cq.wcm.core.components.internal,1.0,1.0,261.0,138.24542824074075,17.0,3.0,0.9586466165413534,2.0,544.0,249.0,3.0,249.0,0.6530612244897959,0.2989195678271309,0.2989195678271309,1.0,1070.0,278.0,1.0004992754265372,1.0,-0.0043675896413856025
c69fdc63fc0f2fb122d65eb4091d9bef872e09fb,com.adobe.cq.wcm.core.components.internal.form,1.0,1.0,103.5,520.5561747685185,8.0,4.0,0.9108773646444879,1.0,0.0,0.0,4.0,0.0,0.0,0.0,0.0,1.0,1128.5,336.5,1.0001821924279106,1.0,-0.0043675896413856025
c69fdc63fc0f2fb122d65eb4091d9bef872e09fb,com.adobe.cq.wcm.core.components.internal.jackson,1.0,1.0,60.5,456.03954282407403,10.5,2.5,0.9812280701754386,1.0,0.0,0.0,2.5,0.0,0.0,0.0,0.0,1.0,1131.0,339.0,1.000123050794028,1.0,-0.0043675896413856025
c69fdc63fc0f2fb122d65eb4091d9bef872e09fb,com.adobe.cq.wcm.core.components.internal.models,1.0,1.0,106.0,166.1372685185185,16.0,3.0,0.9385964912280702,0.0,1436.0,630.0,3.0,630.0,1.7238895558223288,0.7563025210084033,0.7563025210084033,1.0,1190.0,398.0,1.0000343208437394,1.0,-0.0043675896413856025
c69fdc63fc0f2fb122d65eb4091d9bef872e09fb,com.adobe.cq.wcm.core.components.internal.models.v1,1.0,1.0,112.0,166.1372685185185,16.0,4.0,0.8767123287671232,1.0,1386.0,572.0,4.0,572.0,1.6638655462184877,0.6866746698679472,0.6866746698679472,1.0,1101.0,309.0,1.000102758298671,1.0,-0.0043675896413856025
c69fdc63fc0f2fb122d65eb4091d9bef872e09fb,com.adobe.cq.wcm.core.components.internal.models.v1.contentfragment,1.0,1.0,226.0,138.24542824074075,17.0,3.0,0.967741935483871,2.0,544.0,251.0,3.0,251.0,0.6530612244897959,0.3013205282112845,0.3013205282112845,1.0,1213.0,421.0,1.0000293942367713,1.0,-0.0043675896413856025
c69fdc63fc0f2fb122d65eb4091d9bef872e09fb,com.adobe.cq.wcm.core.components.internal.models.v1.form,1.0,1.0,103.0,594.8604282407407,8.0,3.0,0.9606820267594068,2.0,0.0,0.0,3.0,0.0,0.0,0.0,0.0,1.0,1166.5,374.5,1.0000501075233421,1.0,-0.0043675896413856025
c69fdc63fc0f2fb122d65eb4091d9bef872e09fb,com.adobe.cq.wcm.core.components.internal.models.v2,1.0,1.0,161.5,166.1372685185185,16.0,7.0,0.6589477827341905,2.0,1412.5,598.0,7.0,598.0,1.6956782713085234,0.7178871548619448,0.7178871548619448,1.0,1171.5,379.5,1.0000478202912642,1.0,-0.0043675896413856025
c69fdc63fc0f2fb122d65eb4091d9bef872e09fb,com.adobe.cq.wcm.core.components.internal.resource,1.0,1.0,92.0,166.1372685185185,16.0,3.5,0.9474171640255196,1.0,1427.0,619.5,3.5,619.5,1.7130852340936376,0.7436974789915967,0.7436974789915967,1.0,1173.5,381.5,1.000047171426227,1.0,-0.0043675896413856025
c69fdc63fc0f2fb122d65eb4091d9bef872e09fb,com.adobe.cq.wcm.core.components.internal.servlets,1.0,1.0,113.0,166.1372685185185,16.0,4.0,0.9724137931034482,1.0,1409.0,600.0,4.0,600.0,1.6914765906362546,0.7202881152460985,0.7202881152460985,1.0,1134.0,342.0,1.0000581044239891,1.0,-0.0043675896413856025
c69fdc63fc0f2fb122d65eb4091d9bef872e09fb,com.adobe.cq.wcm.core.components.internal.servlets.contentfragment,1.0,1.0,126.5,159.2216435185185,17.0,2.5,0.9869194236496821,1.0,501.5,199.0,2.5,199.0,0.6020408163265306,0.2388955582232893,0.2388955582232893,1.0,1192.0,400.0,1.000039155765028,1.0,-0.0043675896413856025
c69fdc63fc0f2fb122d65eb4091d9bef872e09fb,com.adobe.cq.wcm.core.components.it.http,1.0,1.0,95.0,258.01197916666666,1.0,2.0,0.9895833333333334,1.0,0.0,0.0,2.0,0.0,0.0,0.0,0.0,1.0,1702.0,119.0,1.0000052072797363,1.0,-0.0043675896413856025
c69fdc63fc0f2fb122d65eb4091d9bef872e09fb,com.adobe.cq.wcm.core.components.models,1.0,1.0,87.0,166.1372685185185,16.0,4.0,0.8349514563106796,1.0,1416.0,605.0,4.0,605.0,1.6998799519807923,0.7262905162064826,0.7262905162064826,1.0,1154.0,362.0,1.0000489511718798,1.0,-0.0043675896413856025
c69fdc63fc0f2fb122d65eb4091d9bef872e09fb,com.adobe.cq.wcm.core.components.models.contentfragment,1.0,1.0,109.5,104.63919560185187,17.0,4.5,0.9267506142506142,2.5,671.5,305.0,4.5,305.0,0.8061224489795917,0.36614645858343337,0.36614645858343337,1.0,1167.5,375.5,1.0000442969948966,1.0,-0.0043675896413856025
c69fdc63fc0f2fb122d65eb4091d9bef872e09fb,com.adobe.cq.wcm.core.components.models.form,1.0,1.0,98.0,592.9164351851853,8.0,4.0,0.5928571428571429,0.0,0.0,0.0,4.0,0.0,0.0,0.0,0.0,1.0,1173.0,381.0,1.0000409053620134,1.0,-0.0043675896413856025
c69fdc63fc0f2fb122d65eb4091d9bef872e09fb,com.adobe.cq.wcm.core.components.testing,1.0,1.0,68.5,555.4952083333334,9.0,3.0,0.9560126582278481,1.0,0.0,0.0,3.0,0.0,0.0,0.0,0.0,1.0,1885.5,302.5,1.0000037095791505,1.0,-0.0043675896413856025
c69fdc63fc0f2fb122d65eb4091d9bef872e09fb,com.customer.models,1.0,1.0,23.0,594.8604282407407,8.0,2.0,0.9583333333333334,1.0,0.0,0.0,2.0,0.0,0.0,0.0,0.0,1.0,1250.0,458.0,1.0000229053312264,1.0,-0.0043675896413856025
c6df71c95f12393bd1ddf889b4f379e76b512cbe,com.adobe.cq.wcm.core.components.text,1.0,1.0,138.0,0.00980324074074074,1.0,2.0,1.0,0.0,0.0,0.0,2.0,0.0,0.0,0.0,0.0,1.0,29.0,21.0,103.00708382526564,1.0,0.0
c76fa2534677fc749a6b541a3a701e1801f22131,com.adobe.cq.wcm.core.components.internal.models.v1,60.5,6.0,301.0,78.15225694444445,17.0,8.0,0.7103777205197084,3.5,161.5,53.5,8.0,53.5,16.15,5.35,5.35,1.0,613.0,98.0,1.009274118691709,1.0,-0.3805674418893207
c76fa2534677fc749a6b541a3a701e1801f22131,com.adobe.cq.wcm.core.components.models,10.0,0.0,95.0,78.09444444444446,17.0,6.0,0.7567567567567568,2.0,170.0,68.0,6.0,68.0,17.0,6.8,6.8,1.0,613.0,98.0,1.0067516193336996,1.0,-0.11009849855759328
ca1f03388b147f43016c42fa27c46347e2de7326,com.adobe.cq.wcm.core.components.internal.models.v1,1.0,0.0,101.0,88.87987268518519,8.0,3.0,0.9805825242718448,2.0,80.0,205.0,3.0,205.0,13.333333333333336,34.166666666666664,34.166666666666664,1.0,23.0,10.0,1.0080749753988958,1.0,-0.1496312600367747
ca1f03388b147f43016c42fa27c46347e2de7326,com.adobe.cq.wcm.core.components.internal.servlets,1.0,2.0,293.0,49.868923611111114,8.0,4.0,0.9935897435897436,2.0,82.0,205.0,4.0,205.0,13.666666666666664,34.166666666666664,34.166666666666664,1.0,24.0,11.0,1.0057567769724658,1.0,-0.30904414769375144
ca1f03388b147f43016c42fa27c46347e2de7326,com.adobe.cq.wcm.core.components.testing,7.0,0.0,114.0,90.82386574074074,8.0,2.0,0.9421487603305784,0.0,55.0,108.0,2.0,108.0,9.166666666666666,18.0,18.0,1.0,28.0,5.0,1.0029969119319968,1.0,-0.4694339833632102
cab7cde17d20964b8fe1de76ad921099388561fa,com.adobe.cq.wcm.core.components.internal.servlets,6.0,4.0,572.0,0.07190972222222222,3.0,11.0,0.6634746922024624,0.0,0.0,0.0,11.0,0.0,0.0,0.0,0.0,1.0,460.0,78.0,14.906325446644134,1.0,0.0
cbd6aeacaf4655074438c3a92fac26909509e7a8,com.adobe.cq.wcm.core.components.internal.models.v1,4.0,2.0,231.0,111.50644675925926,10.0,8.0,0.6658932714617171,2.0,321.0,207.0,8.0,207.0,18.88235294117647,12.176470588235292,12.176470588235292,1.0,804.0,151.0,1.0021446101169549,1.0,-0.12547858413016846
cbd6aeacaf4655074438c3a92fac26909509e7a8,com.adobe.cq.wcm.core.components.internal.models.v2,9.5,5.5,183.5,73.64541666666666,12.0,7.0,0.6901939655172413,2.0,409.0,238.0,7.0,238.0,24.058823529411764,14.0,14.0,1.0,803.0,150.0,1.004162178213365,1.0,-0.22495697105219062
cbd6aeacaf4655074438c3a92fac26909509e7a8,com.adobe.cq.wcm.core.components.internal.servlets,98.0,31.0,691.0,82.7977662037037,10.0,21.0,0.3839031339031339,3.0,295.0,165.0,21.0,165.0,17.352941176470587,9.705882352941176,9.705882352941176,1.0,801.0,148.0,1.0043461518824144,1.0,-0.5016812766579648
cbd6aeacaf4655074438c3a92fac26909509e7a8,com.adobe.cq.wcm.core.components.models,4.0,0.5,154.5,62.34508680555556,11.5,6.5,0.3847419028340081,1.0,87.5,57.0,6.5,57.0,5.147058823529412,3.3529411764705888,3.3529411764705888,1.0,802.5,149.5,1.0030555061210924,1.0,-0.09721120358240937
cce2ce3e37af2e0ee902cc86f23fcb037938042b,com.adobe.cq.wcm.core.components.internal.models.v1,1.0,1.0,266.0,15.305046296296293,11.0,2.0,0.99625468164794,1.0,77.0,7.0,2.0,7.0,7.0,0.6363636363636364,0.6363636363636364,1.0,12.0,0.0,1.0653379271542611,1.0,-0.29874687506009634
cdf140bb0359b1db27e512162f2effef45212425,com.adobe.cq.wcm.core.components.internal.models.v1,480.5,0.0,0.0,0.0,1.0,0.0,1.0,0.0,0.0,0.0,1.0,0.0,0.0,0.0,0.0,1.0,130.0,50.0,0.0,1.0,-0.4288564568443538
cdf140bb0359b1db27e512162f2effef45212425,com.adobe.cq.wcm.core.components.models,66.0,0.0,0.0,0.0,1.0,0.0,1.0,0.0,0.0,0.0,1.0,0.0,0.0,0.0,0.0,1.0,130.0,50.0,0.0,1.0,-0.1409212279405044
cee9afddc08c5f6a5c7a5d44abff19420c8ef945,com.adobe.cq.wcm.core.components.internal.servlets,362.0,69.5,281.5,13.722934027777779,3.0,3.5,0.6245901836073443,0.5,30.0,21.0,3.5,21.0,3.333333333333333,2.333333333333333,2.333333333333333,1.0,376.0,12.0,1.0442685392158486,1.0,-0.526243620768791
cee9afddc08c5f6a5c7a5d44abff19420c8ef945,com.adobe.cq.wcm.core.components.models.impl.v1,2.0,1.0,195.5,16.43715277777778,3.0,2.0,0.9894734036883062,1.0,18.0,14.0,2.0,14.0,2.0,1.5555555555555556,1.5555555555555556,1.0,377.0,13.0,1.024088657106802,1.0,-0.02085876121296677
d0e012ff4450f9ebe6f1eae9e55975266f2499a2,com.adobe.cq.wcm.core.components.internal.models.v1,18.0,1.0,78.0,31.698935185185185,17.0,2.0,1.0,0.0,17.0,3.0,2.0,3.0,5.666666666666668,1.0,1.0,1.0,2422.0,127.0,1.0315468009937243,1.0,-0.5123382887443056
d23fc81ea593c0e75b530ed9e948762c8e372c1b,com.adobe.cq.wcm.core.components.internal.servlets,1.0,1.0,321.0,2.972743055555556,3.0,3.0,0.8246153846153846,1.0,57.0,28.0,3.0,28.0,3.1666666666666665,1.5555555555555556,1.5555555555555556,1.0,8.0,1.0,1.1438223793614886,1.0,-0.022552251600870918
d23fc81ea593c0e75b530ed9e948762c8e372c1b,com.adobe.cq.wcm.core.components.models.impl.v1,3.0,3.0,199.0,4.200590277777779,3.0,2.0,0.9851485148514852,1.0,54.0,28.0,2.0,28.0,3.0,1.5555555555555556,1.5555555555555556,1.0,9.0,2.0,1.0896570617388492,1.0,-0.055143892954814144
d23fc81ea593c0e75b530ed9e948762c8e372c1b,com.adobe.cq.wcm.core.components.testing,0.5,4.0,130.0,4.200590277777779,3.0,2.0,0.9931506849315068,1.0,54.0,43.5,2.0,43.5,3.0,2.416666666666667,2.416666666666667,1.0,24.5,3.5,1.0133375793014827,1.0,-0.04241922106616797
d3daba1e3e7225fda6ca35088fa1aea1a8cbeca1,com.adobe.cq.wcm.core.components.internal.models.v1,1.0,1.0,314.0,81.41296296296295,12.0,12.0,0.6643518518518519,5.0,0.0,0.0,12.0,0.0,0.0,0.0,0.0,1.0,143.0,24.0,1.0122830562063554,1.0,0.0
d4392b22e14527e9e925a87de2fcfdbdfa81823c,com.adobe.cq.wcm.core.components.extension.contentfragment.internal.models.v1,1.0,1.0,493.0,272.15600694444447,1.0,2.0,0.9979757085020244,1.0,0.0,0.0,2.0,0.0,0.0,0.0,0.0,1.0,228.0,0.0,1.0036743631390952,1.0,0.0
d4a9c2c7785f5d50e91dd2ebe145ace4a0bb7491,com.adobe.cq.wcm.core.components,61.5,0.0,0.0,0.0,1.0,0.0,1.0,0.0,0.0,0.0,1.0,0.0,0.0,0.0,0.0,1.0,116.5,78.5,1.0001303226919118,1.0,-0.03166020125359793
d4a9c2c7785f5d50e91dd2ebe145ace4a0bb7491,com.adobe.cq.wcm.core.components.commons.form.impl,0.0,174.5,174.5,144.42134259259257,3.0,2.5,1.0,1.0,76.5,74.0,2.5,74.0,0.42032967032967034,0.4065934065934066,0.4065934065934066,1.0,85.5,47.5,1.0024683599997424,1.0,-0.07456792990071441
d4a9c2c7785f5d50e91dd2ebe145ace4a0bb7491,com.adobe.cq.wcm.core.components.commons.form.internal,0.0,57.5,57.5,147.87891203703703,3.0,2.5,0.9313725490196079,1.0,136.0,139.0,2.5,139.0,0.7472527472527473,0.7637362637362637,0.7637362637362637,1.0,86.5,48.5,1.0014679149071095,1.0,-0.030685119293213055
d4a9c2c7785f5d50e91dd2ebe145ace4a0bb7491,com.adobe.cq.wcm.core.components.commons.jackson.impl,0.0,52.0,52.0,147.87891203703703,3.0,2.0,1.0,1.0,137.0,140.0,2.0,140.0,0.7527472527472527,0.7692307692307692,0.7692307692307692,1.0,88.0,50.0,1.0007678928284016,1.0,-0.028279904062001336
d4a9c2c7785f5d50e91dd2ebe145ace4a0bb7491,com.adobe.cq.wcm.core.components.context,0.0,49.0,62.0,147.87891203703703,3.0,2.0,1.0,1.0,160.0,151.0,2.0,151.0,0.8791208791208791,0.8296703296703297,0.8296703296703297,1.0,124.0,86.0,1.0001148314832633,1.0,-0.02694192892507696
d4a9c2c7785f5d50e91dd2ebe145ace4a0bb7491,com.adobe.cq.wcm.core.components.internal,15.0,15.0,35.0,147.87891203703703,3.0,2.0,0.9420289855072465,0.0,0.0,0.0,2.0,0.0,0.0,0.0,0.0,1.0,58.0,20.0,1.001096327899189,1.0,-0.02464753796118516
d4a9c2c7785f5d50e91dd2ebe145ace4a0bb7491,com.adobe.cq.wcm.core.components.internal.form,104.0,0.0,0.0,0.0,1.0,0.0,1.0,0.0,0.0,0.0,1.0,0.0,0.0,0.0,0.0,1.0,94.0,56.0,1.0006024622857619,1.0,-0.04825221255850192
d4a9c2c7785f5d50e91dd2ebe145ace4a0bb7491,com.adobe.cq.wcm.core.components.internal.jackson,52.5,0.0,0.0,0.0,1.0,0.0,1.0,0.0,0.0,0.0,1.0,0.0,0.0,0.0,0.0,1.0,96.0,58.0,1.0006024622857619,1.0,-0.02850729882308103
d4a9c2c7785f5d50e91dd2ebe145ace4a0bb7491,com.adobe.cq.wcm.core.components.internal.models.v1,158.5,0.0,0.0,0.0,1.0,0.0,1.0,0.0,0.0,0.0,1.0,0.0,0.0,0.0,0.0,1.0,101.0,63.0,1.0006024622857619,1.0,-0.0689580133603985
d4a9c2c7785f5d50e91dd2ebe145ace4a0bb7491,com.adobe.cq.wcm.core.components.internal.models.v1.form,99.5,0.0,0.0,0.0,1.0,0.0,1.0,0.0,0.0,0.0,1.0,0.0,0.0,0.0,0.0,1.0,108.5,70.5,1.0006024622857619,1.0,-0.047940166877529194
d4a9c2c7785f5d50e91dd2ebe145ace4a0bb7491,com.adobe.cq.wcm.core.components.internal.servlets,2.0,3.0,96.0,147.87891203703703,3.0,2.0,0.9778944797264288,1.0,124.5,135.0,2.0,135.0,0.6840659340659341,0.7417582417582418,0.7417582417582418,1.0,83.5,45.5,1.0005210446576582,1.0,-0.0038450899366114523
d4a9c2c7785f5d50e91dd2ebe145ace4a0bb7491,com.adobe.cq.wcm.core.components.models,25.0,17.0,51.0,204.2143055555556,3.0,2.0,0.7114427860696517,0.0,0.0,0.0,2.0,0.0,0.0,0.0,0.0,1.0,89.0,51.0,1.0003314466690745,1.0,-0.023714827372519308
d4a9c2c7785f5d50e91dd2ebe145ace4a0bb7491,com.adobe.cq.wcm.core.components.models.form,33.0,14.0,64.0,204.2143055555556,3.0,2.0,0.6,0.0,0.0,0.0,2.0,0.0,0.0,0.0,0.0,1.0,96.0,58.0,1.0002248921027428,1.0,-0.023714827372519308
d4a9c2c7785f5d50e91dd2ebe145ace4a0bb7491,com.adobe.cq.wcm.core.components.models.form.impl.v1,0.0,104.5,104.5,147.87891203703703,3.0,2.5,1.0,1.0,130.5,140.5,2.5,140.5,0.717032967032967,0.771978021978022,0.771978021978022,1.0,104.5,66.5,1.0001688889417268,1.0,-0.04985720300573391
d4a9c2c7785f5d50e91dd2ebe145ace4a0bb7491,com.adobe.cq.wcm.core.components.models.impl,0.0,124.0,124.0,84.96800925925926,4.0,2.0,1.0,1.0,18.0,31.0,2.0,31.0,0.0989010989010989,0.17032967032967036,0.17032967032967036,1.0,157.0,119.0,1.0000919266546546,1.0,-0.05712343985870756
d4a9c2c7785f5d50e91dd2ebe145ace4a0bb7491,com.adobe.cq.wcm.core.components.models.impl.v1,0.0,150.0,150.0,176.0466087962963,3.0,2.0,1.0,1.0,19.0,34.5,2.0,34.5,0.1043956043956044,0.18956043956043955,0.18956043956043955,1.0,136.0,98.0,1.0001117180500327,1.0,-0.06606886662839231
d4a9c2c7785f5d50e91dd2ebe145ace4a0bb7491,com.adobe.cq.wcm.core.components.testing,49.0,0.0,0.0,0.0,1.0,0.0,1.0,0.0,0.0,0.0,1.0,0.0,0.0,0.0,0.0,1.0,230.0,11.0,1.0000685433080263,1.0,-0.02694192892507696
d6d96f4a6ebc144a89f41a05d60de574e093646f,com.adobe.cq.wcm.core.components.internal.models,0.0,74.0,74.0,3.945439814814815,13.0,3.0,0.9571428571428572,0.0,182.0,31.0,3.0,31.0,10.111111111111109,1.7222222222222223,1.7222222222222223,1.0,193.0,52.0,1.0506914334997624,1.0,-0.2231559787536406
d6d96f4a6ebc144a89f41a05d60de574e093646f,com.adobe.cq.wcm.core.components.internal.models.v1,74.0,0.0,0.0,0.0,1.0,0.0,1.0,0.0,0.0,0.0,1.0,0.0,0.0,0.0,0.0,1.0,199.0,58.0,1.042242861249802,1.0,-0.2231559787536406
d6d96f4a6ebc144a89f41a05d60de574e093646f,com.adobe.cq.wcm.core.components.internal.servlets,2.0,2.0,123.0,36.06208333333333,13.0,2.0,0.9840000000000001,1.0,78.0,18.0,2.0,18.0,4.333333333333333,1.0,1.0,1.0,201.0,60.0,1.0167406821827991,1.0,-0.02400419701357775
d73573e50280923011be1f9c3c717b8d52cc4ab1,com.adobe.cq.wcm.core.components.internal.models.v1,6.0,6.0,142.0,14.055868055555555,17.0,3.0,0.9866666666666668,1.0,119.0,21.0,3.0,21.0,14.875,2.625,2.625,1.0,595.0,91.0,1.0231939770825251,1.0,-0.4915245907519986
d73573e50280923011be1f9c3c717b8d52cc4ab1,com.adobe.cq.wcm.core.components.models,26.0,20.5,80.0,11.07824074074074,17.0,5.0,0.9609585958595859,1.5,144.5,57.5,5.0,57.5,18.0625,7.1875,7.1875,1.0,596.5,92.5,1.0174230717209731,1.0,-0.48006385912006133
d791e10243324471058b47fe37e218202d36ccd8,com.adobe.cq.wcm.core.components.internal.models.v1,4.5,4.5,99.5,5.9552546296296285,17.0,2.0,0.9383680555555556,0.5,391.0,46.0,2.0,46.0,7.666666666666668,0.9019607843137254,0.9019607843137254,1.0,2316.5,115.5,1.1007513594825609,1.0,-0.032790599575679966
d791e10243324471058b47fe37e218202d36ccd8,com.adobe.cq.wcm.core.components.internal.servlets,46.0,51.0,51.0,2.9776273148148142,9.0,1.0,1.0,0.5,195.5,22.5,1.5,22.5,3.833333333333334,0.4411764705882353,0.4411764705882353,1.0,2318.0,117.0,1.0587716263648272,1.0,-0.21381422438148828
d791e10243324471058b47fe37e218202d36ccd8,com.adobe.cq.wcm.core.components.models,2.5,2.5,84.5,5.9552546296296285,17.0,2.0,0.9691506410256411,0.5,391.0,46.5,2.0,46.5,7.666666666666668,0.911764705882353,0.911764705882353,1.0,2317.5,116.5,1.0489763553040226,1.0,-0.020141797888809626
d96935e678ae6a6776e1d03b604c5667b0b3e409,com.adobe.cq.wcm.core.components.internal.models.v1,2.0,1.0,71.0,0.947037037037037,13.0,2.0,0.9834710743801652,1.0,0.0,0.0,2.0,0.0,0.0,0.0,0.0,1.0,550.0,72.0,1.0027316494021576,1.0,-0.028863657278009908
d96935e678ae6a6776e1d03b604c5667b0b3e409,com.adobe.cq.wcm.core.components.internal.servlets,123.0,0.0,0.0,0.0,1.0,0.0,1.0,0.0,0.0,0.0,1.0,0.0,0.0,0.0,0.0,1.0,555.0,77.0,1.0027246190730281,1.0,-0.2733965197336649
d96935e678ae6a6776e1d03b604c5667b0b3e409,com.adobe.cq.wcm.core.components.models,74.0,0.0,0.0,0.0,1.0,0.0,1.0,0.0,0.0,0.0,1.0,0.0,0.0,0.0,0.0,1.0,554.0,76.0,1.0027246009326838,1.0,-0.19746718444109573
da012e690e33d33051df268233eb92f5d0e11423,com.adobe.cq.wcm.core.components.internal.servlets,11.0,3.0,558.0,5.008993055555557,3.0,4.0,0.6687116564417178,0.0,6.0,4.0,4.0,4.0,6.0,4.0,4.0,1.0,385.0,20.0,1.1996409236165508,1.0,-0.5293355891669931
da012e690e33d33051df268233eb92f5d0e11423,com.adobe.cq.wcm.core.components.models.impl.v1,18.0,9.0,235.0,5.008993055555557,3.0,3.0,0.9212598425196852,0.0,6.0,8.0,3.0,8.0,6.0,8.0,8.0,1.0,386.0,21.0,1.0998204618082754,1.0,-0.3968766235676734
da7b1c440d1824972671c500bd272b710716e0ab,com.adobe.cq.wcm.core.components.internal.models.v2,23.0,0.5,129.5,75.81445023148149,8.0,2.5,0.8426470588235294,0.5,53.5,41.5,2.5,41.5,6.6875,5.1875,5.1875,1.0,14.0,7.0,1.0088696950291025,1.0,-0.372992424395447
da7b1c440d1824972671c500bd272b710716e0ab,com.adobe.cq.wcm.core.components.models,10.0,0.0,313.0,76.78644675925926,8.0,4.0,0.5373563218390804,1.0,49.0,29.0,4.0,29.0,6.125,3.625,3.625,1.0,14.0,7.0,1.0065950488129027,1.0,-0.22514152961650402
da7b1c440d1824972671c500bd272b710716e0ab,com.adobe.cq.wcm.core.components.testing,57.0,0.0,0.0,0.0,1.0,0.0,1.0,0.0,0.0,0.0,1.0,0.0,0.0,0.0,0.0,1.0,20.5,2.5,1.00208465021379,1.0,-0.4998165977883827
daa491349d0633924c059cc2189ab56ef696784e,com.adobe.cq.wcm.core.components.internal.servlets,2.0,2.0,575.0,63.70943287037037,3.0,9.0,0.6578581363004172,0.0,0.0,0.0,9.0,0.0,0.0,0.0,0.0,1.0,458.0,76.0,1.0156962627815993,1.0,0.0
dc8a52b47180b2e9b636bfee553b7b29e200d880,com.adobe.cq.wcm.core.components.internal.models.v1,19.0,2.0,276.0,191.26078703703706,17.5,8.5,0.727235646958012,2.0,0.0,0.0,8.5,0.0,0.0,0.0,0.0,1.0,1.0,0.31607763033376124,1.0026142316349622,1.0,-0.5301356843747179
dcd610789226569da45822e97bae3b81ebbed8bf,com.adobe.cq.wcm.core.components.internal.models.v1,56.0,0.0,0.0,0.0,1.0,0.0,1.0,0.0,0.0,0.0,1.0,0.0,0.0,0.0,0.0,1.0,11.5,5.5,0.5044693560464905,1.0,-0.5153505047039374
dcd610789226569da45822e97bae3b81ebbed8bf,com.adobe.cq.wcm.core.components.models,20.5,0.5,20.0,55.9364699074074,7.0,4.5,0.6865671641791045,2.0,0.0,0.0,5.0,0.0,0.0,0.0,0.0,1.0,11.5,5.5,0.5044693560464905,1.0,-0.2771686284731996
e0ad89c967cbfc098624a2d4f54d8494e4916658,com.adobe.cq.wcm.core.components.internal.models.v1,7.0,2.0,238.0,9.978564814814817,9.0,6.0,0.7051597051597052,1.0,372.0,291.0,6.0,291.0,15.5,12.125,12.125,1.0,614.0,160.0,1.0123655709301458,1.0,-0.06708102527163906
e0ad89c967cbfc098624a2d4f54d8494e4916658,com.adobe.cq.wcm.core.components.internal.models.v2,10.0,6.5,139.5,9.978564814814817,9.0,4.5,0.9072914641259965,1.5,309.0,215.0,4.5,215.0,12.875,8.958333333333332,8.958333333333332,1.0,613.0,159.0,1.0300127006610569,1.0,-0.10088727195086716
e0ad89c967cbfc098624a2d4f54d8494e4916658,com.adobe.cq.wcm.core.components.internal.servlets,116.5,0.0,0.0,0.0,1.0,0.0,1.0,0.0,0.0,0.0,1.0,0.0,0.0,0.0,0.0,1.0,615.0,161.0,1.0216602200599159,1.0,-0.3673152926331573
e51f184db30963d04a3c3172385ec1f9615deb6f,apps.core.wcm.components.text.v1,128.0,0.0,0.0,0.0,1.0,0.0,1.0,0.0,0.0,0.0,1.0,0.0,0.0,0.0,0.0,1.0,120.0,107.0,1.0189636788483427,1.0,-0.3479387516556019
e5c93a5078733a58b8bdd6ead16633bce3186157,com.adobe.cq.wcm.core.components.internal.servlets,102.5,96.0,713.5,15.549976851851852,17.0,22.5,0.4110932925578533,5.0,17.0,22.0,22.5,22.0,17.0,22.0,22.0,1.0,1927.5,494.5,1.0353472259279302,1.0,-0.07809015804051375
e9352cd05b663ba1dd11f544e103545bb9ae4e5a,com.adobe.cq.wcm.core.components.internal.models.v1,115.5,0.0,0.0,0.0,1.0,0.0,1.0,0.0,0.0,0.0,1.0,0.0,0.0,0.0,0.0,1.0,2163.0,99.0,1.0400872759566748,1.0,-0.13111120910730423
e9352cd05b663ba1dd11f544e103545bb9ae4e5a,com.adobe.cq.wcm.core.components.internal.servlets,3.0,1.0,102.0,83.0893287037037,13.0,3.0,0.9724770642201837,1.0,0.0,0.0,3.0,0.0,0.0,0.0,0.0,1.0,2163.0,99.0,1.0034002351908051,1.0,-0.11968183145607328
e9352cd05b663ba1dd11f544e103545bb9ae4e5a,com.adobe.cq.wcm.core.components.models,33.0,0.5,37.5,41.54466435185185,8.5,2.5,0.9464285714285714,0.5,16.5,4.0,3.0,4.0,0.2661290322580645,0.06451612903225806,0.06451612903225806,1.0,2164.5,100.5,1.003025721308934,1.0,-0.04499351791599609
e96f7d8d63aaebbb32ac8b38ffbd7a9ba811c43d,com.adobe.cq.wcm.core.components.internal.models.v1.form,12.0,8.0,227.0,13.99787037037037,17.0,8.0,0.8988326848249028,5.0,0.0,0.0,8.0,0.0,0.0,0.0,0.0,1.0,195.0,80.0,1.0714394385389312,1.0,0.0
e9ea5bb33338fdc07e71fc5f9c2f527d9fa0ab18,com.adobe.cq.wcm.core.components.internal.models.v1,5.0,0.5,265.0,39.97897569444444,8.0,4.5,0.709311900486181,2.0,100.0,105.5,4.5,105.5,16.666666666666664,17.583333333333336,17.583333333333336,1.0,2.0,1.4322384330915097,1.0063302393555815,1.0,-0.35947814047153104
e9ea5bb33338fdc07e71fc5f9c2f527d9fa0ab18,com.adobe.cq.wcm.core.components.internal.models.v2,10.5,2.0,131.0,39.97897569444444,8.0,2.5,0.9213506326792592,0.5,52.0,51.0,2.5,51.0,8.666666666666668,8.5,8.5,1.0,2.5,2.5,1.0089226463607248,1.0,-0.4186693306958642
e9ea5bb33338fdc07e71fc5f9c2f527d9fa0ab18,com.adobe.cq.wcm.core.components.internal.servlets,7.5,7.5,669.0,39.00697916666667,8.0,13.5,0.40130368231549285,2.5,112.0,90.0,13.5,90.0,18.666666666666668,14.999999999999998,14.999999999999998,1.0,3.5,3.5,1.0063741992928024,1.0,-0.4039307150271332
ec681ed55faeb2d8ab3e293cf7975b8e3b3c334c,com.adobe.cq.wcm.core.components.internal.models.v1,3.0,12.0,273.5,7.04150462962963,17.0,2.0,1.0,0.0,85.0,5.5,2.0,5.5,17.0,1.1,1.1,1.0,1023.5,267.5,1.1065113266906206,1.0,-0.24517321517478055
ee27e414f9e82684022b405555799480a5b5db52,com.adobe.cq.wcm.core.components.internal.models.v2,1.0,0.0,198.0,98.10879629629628,16.0,6.0,0.7268292682926829,3.0,16.0,6.0,6.0,6.0,16.0,6.0,6.0,1.0,7.0,0.0,1.0101927659674872,1.0,-0.5
ee27e414f9e82684022b405555799480a5b5db52,com.adobe.cq.wcm.core.components.models,1.0,0.0,349.0,98.10879629629628,16.0,7.0,0.5,2.0,16.0,6.0,7.0,6.0,16.0,6.0,6.0,1.0,8.0,1.0,1.0050963829837434,1.0,-0.5
f3fe23361e30e90aa342750251e547617ffa0a90,com.adobe.cq.wcm.core.components.internal.models.v1,18.0,2.0,225.0,68.8933912037037,17.0,7.0,0.6992481203007519,1.0,0.0,0.0,7.0,0.0,0.0,0.0,0.0,1.0,611.0,96.0,1.0145151803754762,1.0,0.0
f4026c3c69ba31558b8ae5f02a1b48ed500ef59c,com.adobe.cq.wcm.core.components.internal.models.v1,6.5,1.5,277.0,218.65055555555554,11.5,2.5,0.9749897651568723,1.5,0.0,0.0,2.5,0.0,0.0,0.0,0.0,1.0,1.0,0.27641530739660936,1.0022867538512743,1.0,-0.5219594013548762
f5aa35766b1c32e0316f261105882e7b6e10081d,com.adobe.cq.wcm.core.components.internal.models.v2,16.0,0.0,187.5,18.190775462962964,12.0,8.0,0.6414353419092755,2.0,144.0,63.0,8.0,63.0,18.0,7.875,7.875,1.0,818.0,161.0,1.0366486117111404,1.0,-0.397406332207951
f5aa35766b1c32e0316f261105882e7b6e10081d,com.adobe.cq.wcm.core.components.models,17.0,0.0,276.0,18.190775462962964,12.0,7.0,0.4174454828660436,1.0,132.0,61.0,7.0,61.0,16.5,7.625,7.625,1.0,818.0,161.0,1.0274864587833552,1.0,-0.4128407622653884
f5c96ff1cd12c0ef6aa9003f3128a7e580cd8dc4,com.adobe.cq.wcm.core.components.models.impl.v1,20.0,13.5,206.0,2.1800057870370373,3.0,2.5,0.907495164410058,1.0,6.0,3.0,2.5,3.0,3.0,1.5,1.5,1.0,368.5,7.5,1.2314928113791166,1.0,-0.4061078315793698
f7577328af064e8271bc8597c37630baaaed4602,com.adobe.cq.wcm.core.components,1.0,1.0,31.0,0.16952546296296298,17.0,2.0,0.96875,1.0,323.0,26.0,2.0,26.0,15.38095238095238,1.238095238095238,1.238095238095238,1.0,24.0,17.0,0.9509483322432964,1.0,-0.13810335561693646
f7577328af064e8271bc8597c37630baaaed4602,com.adobe.cq.wcm.core.components.context,1.0,1.0,59.0,0.16952546296296298,17.0,2.0,0.9833333333333332,1.0,323.0,27.0,2.0,27.0,15.38095238095238,1.2857142857142858,1.2857142857142858,1.0,25.0,18.0,0.950537022523402,1.0,-0.13810335561693646
f7577328af064e8271bc8597c37630baaaed4602,com.adobe.cq.wcm.core.components.internal.models.v1.contentfragment,1.0,1.0,674.5,0.16952546296296298,17.0,2.0,0.998403050634288,1.0,323.0,23.5,2.0,23.5,15.38095238095238,1.119047619047619,1.119047619047619,1.0,21.5,14.5,0.9518826293092542,1.0,-0.13810335561693646
f7577328af064e8271bc8597c37630baaaed4602,com.adobe.cq.wcm.core.components.internal.servlets.contentfragment,1.5,1.5,122.0,0.16952546296296298,17.0,2.0,0.989640262884815,1.0,323.0,21.5,2.0,21.5,15.38095238095238,1.0238095238095237,1.0238095238095237,1.0,19.5,12.5,0.9527168687210287,1.0,-0.18083924395172046
f7577328af064e8271bc8597c37630baaaed4602,com.adobe.cq.wcm.core.components.models.contentfragment,1.0,1.0,170.5,0.16952546296296298,17.0,2.0,0.9734520123839009,1.0,323.0,24.5,2.0,24.5,15.38095238095238,1.1666666666666665,1.1666666666666665,1.0,22.5,15.5,0.9515518118897928,1.0,-0.13810335561693646
f7ff39c33c0b78438d2b004598fd5bb508f76fd2,com.adobe.cq.wcm.core.components.internal.form,15.0,19.0,172.0,146.66451388888888,8.0,5.0,0.8853211009174312,2.0,0.0,0.0,5.0,0.0,0.0,0.0,0.0,1.0,731.0,140.0,1.00681828189713,1.0,0.0
f9a69b89be237383ea7cee93992f270a448fdd28,com.adobe.cq.wcm.core.components.internal.models.v1,1.0,4.0,322.0,112.90085648148147,18.0,8.0,0.9465875370919882,3.0,0.0,0.0,8.0,0.0,0.0,0.0,0.0,1.0,1940.0,499.0,1.0088573287321698,1.0,0.0
f9faa9c3b21c245d920f59579b02b3d22719c758,com.adobe.cq.wcm.core.components.commons.editor.dialog.childreneditor,2.0,1.0,96.0,7.168159722222222,17.0,4.0,0.903846153846154,2.0,766.0,336.0,4.0,336.0,16.29787234042553,7.148936170212767,7.148936170212767,1.0,41.0,3.0,1.1395058200084285,1.0,-0.07090828213105449
f9faa9c3b21c245d920f59579b02b3d22719c758,com.adobe.cq.wcm.core.components.internal,1.0,1.0,94.0,62.143263888888896,17.0,6.0,0.6310679611650486,2.0,732.0,301.0,6.0,301.0,15.574468085106385,6.404255319148937,6.404255319148937,1.0,42.0,4.0,1.0144276361370204,1.0,-0.05151104678824761
f9faa9c3b21c245d920f59579b02b3d22719c758,com.adobe.cq.wcm.core.components.internal.models.v1,2.0,1.0,136.0,62.143263888888896,17.0,7.0,0.8492753623188406,3.0,746.0,315.0,7.0,315.0,15.872340425531915,6.702127659574468,6.702127659574468,1.0,52.0,14.0,1.0017770259056853,1.0,-0.07090828213105449
f9faa9c3b21c245d920f59579b02b3d22719c758,com.adobe.cq.wcm.core.components.internal.models.v1.contentfragment,3.5,7.5,253.0,52.01767939814815,17.0,5.0,0.9216400806747341,3.0,760.0,323.0,5.0,323.0,16.170212765957444,6.872340425531916,6.872340425531916,1.0,62.5,24.5,1.0010215325949345,1.0,-0.18312421945708923
f9faa9c3b21c245d920f59579b02b3d22719c758,com.adobe.cq.wcm.core.components.internal.models.v1.form,7.5,9.0,237.0,27.124664351851855,17.0,7.0,0.9096153846153846,5.0,753.5,321.5,7.0,321.5,16.03191489361702,6.840425531914894,6.840425531914894,1.0,64.5,26.5,1.0009678459351783,1.0,-0.23371898920904172
f9faa9c3b21c245d920f59579b02b3d22719c758,com.adobe.cq.wcm.core.components.internal.models.v2,2.5,1.5,193.5,42.08134837962963,17.0,10.5,0.6411533816425121,4.5,755.5,320.0,10.5,320.0,16.074468085106382,6.808510638297873,6.808510638297873,1.0,66.5,28.5,1.0008948904205552,1.0,-0.08191433188373573
f9faa9c3b21c245d920f59579b02b3d22719c758,com.adobe.cq.wcm.core.components.internal.services.embed,6.0,6.5,194.5,42.02810185185185,17.0,2.0,0.9700079613872717,1.0,68.5,12.5,2.0,12.5,1.4574468085106385,0.26595744680851063,0.26595744680851063,1.0,68.5,30.5,1.000825036137801,1.0,-0.19565756691864017
f9faa9c3b21c245d920f59579b02b3d22719c758,com.adobe.cq.wcm.core.components.internal.servlets,3.0,3.0,190.0,36.135497685185186,17.0,6.0,0.9463087248322148,3.0,797.0,330.0,6.0,330.0,16.95744680851064,7.0212765957446805,7.0212765957446805,1.0,73.0,35.0,1.0007107678307237,1.0,-0.12007743382732634
f9faa9c3b21c245d920f59579b02b3d22719c758,com.adobe.cq.wcm.core.components.internal.servlets.contentfragment,1.0,1.0,126.0,41.892094907407404,17.0,4.0,0.9548872180451128,3.0,766.0,337.0,4.0,337.0,16.29787234042553,7.170212765957447,7.170212765957447,1.0,79.0,41.0,1.0006541372580298,1.0,-0.05151104678824761
f9faa9c3b21c245d920f59579b02b3d22719c758,com.adobe.cq.wcm.core.components.internal.servlets.embed,3.0,1.0,109.0,42.02810185185185,17.0,2.0,0.9732142857142856,1.0,71.0,15.0,2.0,15.0,1.5106382978723405,0.3191489361702128,0.3191489361702128,1.0,82.0,44.0,1.00059708814211,1.0,-0.08852933995330681
f9faa9c3b21c245d920f59579b02b3d22719c758,com.adobe.cq.wcm.core.components.testing,3.0,1.0,76.0,62.143263888888896,17.0,4.0,0.9384615384615383,2.0,773.0,344.0,4.0,344.0,16.446808510638302,7.319148936170214,7.319148936170214,1.0,86.0,29.0,1.000533521959693,1.0,-0.08852933995330681
fb7b19f63d7107e0c8fdeeb92a9064f35333b796,com.adobe.cq.wcm.core.components.commons.form.impl,6.0,7.0,194.0,63.250532407407405,3.0,2.0,1.0,0.0,3.0,1.0,2.0,1.0,3.0,1.0,1.0,1.0,602.0,96.0,1.015810143597825,1.0,-0.5188978138215254
fb7b19f63d7107e0c8fdeeb92a9064f35333b796,com.adobe.cq.wcm.core.components.models.form.impl.v1,10.0,6.0,100.0,63.250532407407405,3.0,2.0,1.0,0.0,3.0,2.0,2.0,2.0,3.0,2.0,2.0,1.0,603.0,97.0,1.0079050717989126,1.0,-0.4733688248979708
fc3988b8d02efd13c6abe9f311780762991d232c,com.adobe.cq.wcm.core.components,31.0,0.0,0.0,0.0,1.0,0.0,1.0,0.0,0.0,0.0,1.0,0.0,0.0,0.0,0.0,1.0,8.0,8.0,2.2114413909141897,1.0,-0.025716986939331783
fc3988b8d02efd13c6abe9f311780762991d232c,com.adobe.cq.wcm.core.components.context,29.5,30.5,30.5,195.04734375,1.0,1.0,1.0,0.5,0.0,0.0,1.5,0.0,0.0,0.0,0.0,1.0,29.5,8.5,1.6069010584143324,1.0,-0.044088718937814075
fc3988b8d02efd13c6abe9f311780762991d232c,com.adobe.cq.wcm.core.components.extension.contentfragment.internal.models.v1,0.0,668.0,668.0,4.091875,16.0,3.5,0.9684517135420514,2.5,229.5,198.0,3.5,198.0,2.494565217391304,2.1521739130434785,2.1521739130434785,1.0,47.0,5.0,1.0570188856890113,1.0,-0.25652067450311766
fc3988b8d02efd13c6abe9f311780762991d232c,com.adobe.cq.wcm.core.components.extension.contentfragment.internal.servlets,0.0,128.5,128.5,4.091875,16.0,3.0,0.9344724409448819,1.0,232.0,201.0,3.0,201.0,2.5217391304347827,2.1847826086956523,2.1847826086956523,1.0,49.5,7.5,1.0209051632445958,1.0,-0.0803809080041836
fc3988b8d02efd13c6abe9f311780762991d232c,com.adobe.cq.wcm.core.components.extension.contentfragment.models,0.0,168.0,168.0,4.091875,16.0,3.0,0.9567629179331307,2.0,231.5,200.5,3.0,200.5,2.516304347826087,2.1793478260869565,2.1793478260869565,1.0,48.5,6.5,1.0319235559043243,1.0,-0.0871643987892159
fc3988b8d02efd13c6abe9f311780762991d232c,com.adobe.cq.wcm.core.components.internal.models.v1.contentfragment,674.5,0.0,0.0,0.0,1.0,0.0,1.0,0.0,0.0,0.0,1.0,0.0,0.0,0.0,0.0,1.0,5.5,5.5,2.2114413909141897,1.0,-0.25789163927238457
fc3988b8d02efd13c6abe9f311780762991d232c,com.adobe.cq.wcm.core.components.internal.servlets.contentfragment,132.0,0.0,0.0,0.0,1.0,0.0,1.0,0.0,0.0,0.0,1.0,0.0,0.0,0.0,0.0,1.0,8.0,8.0,2.2114413909141897,1.0,-0.08205619966906169
fc3988b8d02efd13c6abe9f311780762991d232c,com.adobe.cq.wcm.core.components.models.contentfragment,170.5,0.0,0.0,0.0,1.0,0.0,1.0,0.0,0.0,0.0,1.0,0.0,0.0,0.0,0.0,1.0,6.5,6.5,2.2114413909141897,1.0,-0.08804288536839289
fcf28dd899b91ddcd58185264d5351f8ea82244d,com.adobe.cq.wcm.core.components.internal.models.v1,134.5,0.0,0.0,0.0,1.0,0.0,1.0,0.0,0.0,0.0,1.0,0.0,0.0,0.0,0.0,1.0,2546.0,180.0,1.0473001471340773,1.0,-0.1280603558514531
fcf28dd899b91ddcd58185264d5351f8ea82244d,com.adobe.cq.wcm.core.components.internal.services.embed,59.0,0.0,0.0,0.0,1.0,0.0,1.0,0.0,0.0,0.0,1.0,0.0,0.0,0.0,0.0,1.0,2540.5,174.5,1.088028527763627,1.0,-0.06867642802772744
fcf28dd899b91ddcd58185264d5351f8ea82244d,com.adobe.cq.wcm.core.components.internal.servlets,2.0,2.0,97.0,20.115162037037038,17.0,5.0,0.9423076923076924,1.0,255.0,252.0,5.0,252.0,2.4056603773584904,2.3773584905660377,2.3773584905660377,1.0,2544.0,178.0,1.013945943328464,1.0,-0.007402519051372012
fcf28dd899b91ddcd58185264d5351f8ea82244d,com.adobe.cq.wcm.core.components.internal.servlets.embed,100.0,0.0,0.0,0.0,1.0,0.0,1.0,0.0,0.0,0.0,1.0,0.0,0.0,0.0,0.0,1.0,2557.0,191.0,1.0077527308676184,1.0,-0.1028975545122935
fcf28dd899b91ddcd58185264d5351f8ea82244d,com.adobe.cq.wcm.core.components.models,108.5,0.5,20.0,10.057581018518519,9.0,7.0,0.6736111111111112,2.5,170.0,185.0,7.5,185.0,1.6037735849056607,1.7452830188679243,1.7452830188679243,1.0,2552.0,186.0,1.0077527308676184,1.0,-0.09198781298566903
fcf28dd899b91ddcd58185264d5351f8ea82244d,com.adobe.cq.wcm.core.components.models.contentfragment,0.0,1.0,120.0,20.115162037037038,17.0,6.0,0.9913294797687862,3.0,272.0,331.0,6.0,331.0,2.5660377358490565,3.1226415094339623,3.1226415094339623,1.0,2552.0,186.0,1.0075728359569471,1.0,-0.002204299082029564
fcf28dd899b91ddcd58185264d5351f8ea82244d,com.adobe.cq.wcm.core.components.services.embed,56.0,0.0,0.0,0.0,1.0,0.0,1.0,0.0,0.0,0.0,1.0,0.0,0.0,0.0,0.0,1.0,2555.5,189.5,1.0065717665045275,1.0,-0.06592973930530485
fcf28dd899b91ddcd58185264d5351f8ea82244d,com.adobe.cq.wcm.core.components.testing,5.0,1.0,119.0,20.115162037037038,17.0,6.0,0.6521739130434783,1.0,255.0,263.0,6.0,263.0,2.4056603773584904,2.4811320754716983,2.4811320754716983,1.0,2638.0,65.0,1.001996477234406,1.0,-0.010483128708918859
